No,Family,Genus,Species,Botanical_Name,Botanical_NoAuthor,Thai_Name,YCount,Y2023,Y2025,AiTaxonomy,Source,Specificity,WoodDensity_Forest,WoodDensity_Plantation,WD_Class,WD_ForestInRange
1,Acanthaceae,Avicennia,alba,Avicennia alba Blume,Avicennia alba,แสมขาว,2,1,1,TRUE,กรมป่าไม้(2548),Species,639,,3,
2,Acanthaceae,Avicennia,marina,Avicennia marina (Forssk.) Vierh.,Avicennia marina,แสมทะเล,2,1,1,FALSE,กรมป่าไม้(2548),Species,790,,2,
3,Acanthaceae,Avicennia,officinalis,Avicennia officinalis L.,Avicennia officinalis,แสมดำ,2,1,1,FALSE,กรมป่าไม้(2548),Genus,714.5,,2,
4,Achariaceae,Hydnocarpus,castaneus,Hydnocarpus castaneus Hook.f. & Thomson,Hydnocarpus castaneus,กระเบาน้ำ,1,0,1,FALSE,Global,Genus,634,,3,
5,Achariaceae,Hydnocarpus,ilicifolius,Hydnocarpus ilicifolius King,Hydnocarpus ilicifolius,กระเบากลัก,2,1,1,FALSE,กรมป่าไม้(2548),Species,1010,,1,
6,Anacardiaceae,Anacardium,occidentale,Anacardium occidentale L.,Anacardium occidentale,มะม่วงหิมพานต์,2,1,1,FALSE,"Zanne et al., 2009",Species,446.5,,3,
7,Anacardiaceae,Bouea,oppositifolia,Bouea oppositifolia (Roxb.) Meisn.,Bouea oppositifolia,มะปริง,1,0,1,FALSE,Global,Species,745,,2,
8,Anacardiaceae,Buchanania,arborescens,Buchanania arborescens (Blume) Blume,Buchanania arborescens,จ้าม่วง,1,1,0,FALSE,กรมป่าไม้(2548),Species,700,,2,
9,Anacardiaceae,Buchanania,cochinchinensis,Buchanania cochinchinensis (Lour.) M.R.Almeida,Buchanania cochinchinensis,มะม่วงหัวแมงวัน,2,1,1,FALSE,กรมป่าไม้(2548),Species,700,,2,
10,Anacardiaceae,Buchanania,reticulata,Buchanania reticulata Hance,Buchanania reticulata,หัวแมงวัน,1,0,1,FALSE,Global,Genus,411,,3,
11,Anacardiaceae,Buchanania,siamensis,Buchanania siamensis Miq.,Buchanania siamensis,ธนนไชย,2,1,1,FALSE,กรมป่าไม้(2548),Species,700,,2,
12,Anacardiaceae,Gluta,Unknown,Gluta sp.Buriram1,Gluta sp.Buriram1,,1,0,1,FALSE,Global,Genus,583,,3,
13,Anacardiaceae,Gluta,Unknown,Gluta sp.Trat1,Gluta sp.Trat1,,1,0,1,FALSE,Global,Genus,583,,3,
14,Anacardiaceae,Gluta,laccifera,Gluta laccifera (Pierre) Ding Hou,Gluta laccifera,น้ำเกลี้ยง,2,1,1,FALSE,IPCC(2006),Species,630,,3,
15,Anacardiaceae,Gluta,usitata,Gluta usitata (Wall.) Ding Hou,Gluta usitata,รักใหญ่,2,1,1,FALSE,Global,Species,740,,2,
16,Anacardiaceae,Lannea,coromandelica,Lannea coromandelica (Houtt.) Merr.,Lannea coromandelica,กุ๊ก,2,1,1,FALSE,IPCC(2006),Species,520,,3,
17,Anacardiaceae,Mangifera,Unknown,Mangifera sp.,Mangifera sp.,,1,0,1,FALSE,กรมป่าไม้(2548),Species,810,,2,
18,Anacardiaceae,Mangifera,caloneura,Mangifera caloneura Kurz,Mangifera caloneura,มะม่วงป่า,2,1,1,FALSE,IPCC(2006),Species,630,,3,
19,Anacardiaceae,Mangifera,indica,Mangifera indica L.,Mangifera indica,มะม่วง,2,1,1,FALSE,กรมป่าไม้(2548),Species,727,,2,
20,Anacardiaceae,Semecarpus,cochinchinensis,Semecarpus cochinchinensis Engl.,Semecarpus cochinchinensis,รักขาว,2,1,1,FALSE,Global,Species,358,,3,
21,Anacardiaceae,Semecarpus,curtisii,Semecarpus curtisii King,Semecarpus curtisii,รักเขา,1,1,0,FALSE,Global,Genus,358,,3,
22,Anacardiaceae,Spondias,bipinnata,Spondias bipinnata Airy Shaw & Forman,Spondias bipinnata,มะกัก,1,0,1,FALSE,Global,Genus,363,,3,
23,Anacardiaceae,Spondias,dulcis,Spondias dulcis Parkinson,Spondias dulcis,มะกอกฝรั่ง,2,1,1,FALSE,Global,Species,370,,3,
24,Anacardiaceae,Spondias,pinnata,Spondias pinnata (L.f.) Kurz,Spondias pinnata,มะกอกป่า,2,1,1,FALSE,Global,Species,294,,3,
25,Anacardiaceae,Toxicodendron,succedaneum,Toxicodendron succedaneum (L.) Kuntze,Toxicodendron succedaneum,มะเหลี่ยมหิน,1,1,0,FALSE,Global,Family,558,,3,
26,Anacardiaceae,Unknow,Unknown,Unknown-genus-Anacardiaceae-MaeHongSon,Unknown-genus-Anacardiaceae-MaeHongSon,,1,0,1,FALSE,Global,Family,558,,3,
27,Annonaceae,Annona,squamosa,Annona squamosa L.,Annona squamosa,น้อยหน่า,1,0,1,FALSE,Global,Species,618,,3,
28,Annonaceae,Cananga,latifolia,Cananga latifolia Finet & Gagnep.,Cananga latifolia,สะแกแสง,2,1,1,FALSE,กรมป่าไม้(2548),Species,530,,3,
29,Annonaceae,Cananga,odorata,Cananga odorata (Lam.) Hook.f. & Thomson,Cananga odorata,กระดังงาไทย,2,1,1,FALSE,กรมป่าไม้(2548),Genus,530,,3,
30,Annonaceae,Dasymachalon,Unknown,Dasymachalon sp.Trat1,Dasymachalon sp.Trat1,,1,0,1,FALSE,Global,Family,564,,3,
31,Annonaceae,Dracontomelon,dao,Dracontomelon dao (Blanco) Merr. & Rolfe,Dracontomelon dao,พระเจ้าห้าพระองค์,1,0,1,FALSE,Global,Species,400,,3,
32,Annonaceae,Huberantha,cerasoides,Huberantha cerasoides (Roxb.) Chaowasku,Huberantha cerasoides,กะเจียน,2,1,1,FALSE,Global,Family,564,,3,
33,Annonaceae,Miliusa,velutina,Miliusa velutina (DC.) Hook.f. & Thomson,Miliusa velutina,ขางหัวหมู,2,1,1,FALSE,กรมป่าไม้(2548),Species,540,,3,
34,Annonaceae,Mitrephora,winitii,Mitrephora winitii Craib,Mitrephora winitii,มหาพรหม,1,1,0,FALSE,Global,Genus,680,,2,
35,Annonaceae,Monoon,longifolium,Monoon longifolium (Sonn.) B.Xue & R.M.K.Saunders,Monoon longifolium,อโศกอินเดีย,2,1,1,TRUE,Adediji & Wilson (2024),Species,504.23,,3,
36,Annonaceae,Monoon,viride,Monoon viride (Craib) B.Xue & R.M.K.Saunders,Monoon viride,ยางโอน,2,1,1,FALSE,Global,Family,564,,3,
37,Annonaceae,Orophea,polycarpa,Orophea polycarpa A.DC.,Orophea polycarpa,จักหัน,1,0,1,FALSE,Global,Family,564,,3,
38,Annonaceae,Polyalthia,suberosa,Polyalthia suberosa (Roxb.) Thwaites,Polyalthia suberosa,กลึงกล่อม,1,0,1,FALSE,Global,Species,680,,2,
39,Annonaceae,Sphaerocoryne,lefevrei,Sphaerocoryne lefevrei (Baill.) D.M.Johnson & N.A.Murray,Sphaerocoryne lefevrei,ลำดวน,2,1,1,TRUE,Global,Family,564,,3,
40,Annonaceae,Xylopia,pierrei,Xylopia pierrei Hance,Xylopia pierrei,สะทางเล็ก,1,0,1,FALSE,Global,Genus,594,,3,
41,Annonaceae,Xylopia,vielana,Xylopia vielana Pierre,Xylopia vielana,กล้วยน้อย,1,0,1,FALSE,Global,Genus,594,,3,
42,Apocynaceae,Alstonia,macrophylla,Alstonia macrophylla Wall. ex G.Don,Alstonia macrophylla,ทุ้งฟ้า,2,1,1,FALSE,กรมป่าไม้(2548),Species,520,,3,
43,Apocynaceae,Alstonia,scholaris,Alstonia scholaris (L.) R.Br.,Alstonia scholaris,สัตตบรรณ,2,1,1,TRUE,กรมป่าไม้(2548),Species,400,,3,
44,Apocynaceae,Alstonia,spatulata,Alstonia spatulata Blume,Alstonia spatulata,เทียะ,1,0,1,FALSE,Global,Species,340,,3,
45,Apocynaceae,Cascabela,thevetia,Cascabela thevetia (L.) Lippold,Cascabela thevetia,รำเพย,2,1,1,FALSE,Global,Family,567,,3,
46,Apocynaceae,Cerbera,manghas,Cerbera manghas L.,Cerbera manghas,ตีนเป็ดทราย,2,1,1,FALSE,Global,Species,380,,3,
47,Apocynaceae,Cerbera,odollam,Cerbera odollam Gaertn.,Cerbera odollam,ตีนเป็ดทะเล,2,1,1,TRUE,Global,Species,300,,3,
48,Apocynaceae,Holarrhena,pubescens,Holarrhena pubescens Wall. ex G.Don,Holarrhena pubescens,โมกใหญ่,2,1,1,FALSE,Global,Species,732,,2,
49,Apocynaceae,Kopsia,arborea,Kopsia arborea Blume,Kopsia arborea,พุดดง,2,1,1,FALSE,Global,Family,567,,3,
50,Apocynaceae,Nerium,oleander,Nerium oleander L.,Nerium oleander,ยี่โถ,2,1,1,FALSE,Global,Species,600,,3,
51,Apocynaceae,Plumeria,obtusa,Plumeria obtusa L.,Plumeria obtusa,ลั่นทมขาว,2,1,1,FALSE,กรมป่าไม้(2548),Genus,930,,2,
52,Apocynaceae,Plumeria,rubra,Plumeria rubra L.,Plumeria rubra,ลั่นทมแดง,2,1,1,FALSE,กรมป่าไม้(2548),Genus,930,,2,
53,Apocynaceae,Tabernaemontana,divaricata,Tabernaemontana divaricata (L.) R.Br. ex Roem. & Schult.,Tabernaemontana divaricata,พุดจีบ,2,1,1,FALSE,Global,Species,750,,2,
54,Apocynaceae,Wrightia,arborea,Wrightia arborea (Dennst.) Mabb.,Wrightia arborea,โมกมัน,2,1,1,TRUE,กรมป่าไม้(2548),Genus,620,,3,
55,Apocynaceae,Wrightia,religiosa,Wrightia religiosa (Teijsm. & Binn.) Benth. ex Kurz,Wrightia religiosa,โมกบ้าน,2,1,1,FALSE,กรมป่าไม้(2548),Genus,620,,3,
56,Aquifoliaceae,Ilex,cymosa,Ilex cymosa Blume,Ilex cymosa,ไทรขี้ใต้,1,0,1,FALSE,Global,Species,488,,3,
57,Arecaceae,Cocos,nucifera,Cocos nucifera L.,Cocos nucifera,มะพร้าว,1,1,0,FALSE,IPCC(2006),Species,500,,3,
58,Bignoniaceae,Crescentia,cujete,Crescentia cujete L.,Crescentia cujete,น้ำเต้าต้น,2,1,1,FALSE,Global,Species,634,,3,
59,Bignoniaceae,Dolichandrone,serrulata,Dolichandrone serrulata (Wall. ex DC.) Seem.,Dolichandrone serrulata,แคนา,2,1,1,TRUE,Global,Species,441,,3,
60,Bignoniaceae,Dolichandrone,spathacea,Dolichandrone spathacea (L.f.) K.Schum.,Dolichandrone spathacea,แคทะเล,1,1,0,FALSE,Global,Species,430,,3,
61,Bignoniaceae,Fernandoa,adenophylla,Fernandoa adenophylla (Wall. ex G.Don) Steenis,Fernandoa adenophylla,แคบิด,2,1,1,FALSE,Global,Species,490,,3,
62,Bignoniaceae,Handroanthus,chrysanthus,Handroanthus chrysanthus (Jacq.) S.O.Grose,Handroanthus chrysanthus,เหลืองอินเดีย,2,1,1,FALSE,Global,Family,619,,3,
63,Bignoniaceae,Handroanthus,chrysotrichus,Handroanthus chrysotrichus (Mart. ex DC.) Mattos,Handroanthus chrysotrichus,เหลืองเชียงราย,2,1,1,FALSE,Global,Family,619,,3,
64,Bignoniaceae,Heterophragma,sulfureum,Heterophragma sulfureum Kurz,Heterophragma sulfureum,แครกฟ้า,2,1,1,FALSE,Global,Species,579,,3,
65,Bignoniaceae,Jacaranda,obtusifolia,Jacaranda obtusifolia Bonpl.,Jacaranda obtusifolia,ศรีตรัง,2,1,1,FALSE,Global,Species,480,,3,
66,Bignoniaceae,Markhamia,stipulata,Markhamia stipulata (Wall.) Seem.,Markhamia stipulata,แคหางค่าง,2,1,1,FALSE,Global,Species,676,,2,
67,Bignoniaceae,Mayodendron,igneum,Mayodendron igneum (Kurz) Kurz,Mayodendron igneum,ปีบทอง,2,1,1,FALSE,Global,Family,619,,3,
68,Bignoniaceae,Millingtonia,hortensis,Millingtonia hortensis L.f.,Millingtonia hortensis,ปีบ,2,1,1,TRUE,กรมป่าไม้(2548),Species,640,,3,
69,Bignoniaceae,Oroxylum,indicum,Oroxylum indicum (L.) Kurz,Oroxylum indicum,เพกา,2,1,1,FALSE,Global,Species,411,,3,
70,Bignoniaceae,Radermachera,yunnanensis,Radermachera yunnanensis C.Y.Wu & W.C.Yin,Radermachera yunnanensis,ปีบยูนนาน,1,0,1,FALSE,Global,Genus,483,,3,
71,Bignoniaceae,Spathodea,campanulata,Spathodea campanulata P.Beauv.,Spathodea campanulata,แคแสด,2,1,1,FALSE,IPCC(2006),Species,250,,3,
72,Bignoniaceae,Stereospermum,Unknown,Stereospermum sp.Trang1,Stereospermum sp.Trang1,,1,0,1,FALSE,กรมป่าไม้(2548),Genus,800,,2,
73,Bignoniaceae,Stereospermum,fimbriatum,Stereospermum fimbriatum (Wall. ex G.Don) DC.,Stereospermum fimbriatum,แคยอดดำ,2,1,1,FALSE,กรมป่าไม้(2548),Genus,800,,2,
74,Bignoniaceae,Stereospermum,neuranthum,Stereospermum neuranthum Kurz,Stereospermum neuranthum,แคทราย,2,1,1,FALSE,กรมป่าไม้(2548),Species,800,,2,
75,Bignoniaceae,Tabebuia,aurea,Tabebuia aurea (Silva Manso) Benth. & Hook.f. ex S.Moore,Tabebuia aurea,เหลืองปรีดียาธร,2,1,1,FALSE,Global,Species,760,,2,
76,Bignoniaceae,Tabebuia,rosea,Tabebuia rosea (Bertol.) DC.,Tabebuia rosea,ชมพูพันธุ์ทิพย์,2,1,1,TRUE,IPCC(2006),Species,540,,3,
77,Bignoniaceae,Tecoma,stans,Tecoma stans (L.) Juss. ex Kunth,Tecoma stans,ทองอุไร,1,0,1,FALSE,IPCC(2006),Species,466,,3,
78,Bignoniaceae,Unknow,Unknown,Unknown genus-Bignoniaceae-UthaiThani,Unknown genus-Bignoniaceae-UthaiThani,,1,0,1,FALSE,Global,Family,619,,3,
79,Boraginaceae,Cordia,cochinchinensis,Cordia cochinchinensis Gagnep.,Cordia cochinchinensis,หมัน,2,1,1,FALSE,IPCC(2006),Species,530,,3,
80,Boraginaceae,Cordia,dichotoma,Cordia dichotoma G.Forst.,Cordia dichotoma,หมันดง,2,1,1,FALSE,IPCC(2006),Species,530,,3,
81,Boraginaceae,Cordia,sebestena,Cordia sebestena L.,Cordia sebestena,คอร์เดีย,2,1,1,FALSE,IPCC(2006),Species,530,,3,
82,Boraginaceae,Cordia,subcordata,Cordia subcordata L.,Cordia subcordata,หมันทะเล,2,1,1,FALSE,IPCC(2006),Species,530,,3,
83,Boraginaceae,Ehretia,Unknown,Ehretia sp.Ratchaburi1,Ehretia sp.Ratchaburi1,,1,0,1,FALSE,Global,Genus,506,,3,
84,Boraginaceae,Ehretia,timorensis,Ehretia timorensis Decne.,Ehretia timorensis,ก่ายกอม,1,1,0,FALSE,Global,Genus,506,,3,
85,Burseraceae,Canarium,subulatum,Canarium subulatum Guillaumin,Canarium subulatum,มะกอกเกลื้อน,2,1,1,FALSE,กรมป่าไม้(2548),Genus,510,,3,
86,Burseraceae,Garuga,pinnata,Garuga pinnata Roxb.,Garuga pinnata,ตะคร้ำ,2,1,1,FALSE,กรมป่าไม้(2548),Genus,810,,2,
87,Burseraceae,Protium,serratum,Protium serratum (Wall. ex Colebr.) Engl.,Protium serratum,มะแฟน,2,1,1,FALSE,กรมป่าไม้(2548),Species,820,,2,
88,Calophyllaceae,Calophyllum,calaba,Calophyllum calaba L.,Calophyllum calaba,ตังหน,1,0,1,FALSE,Global,Species,591,,3,
89,Calophyllaceae,Calophyllum,inophyllum,Calophyllum inophyllum L.,Calophyllum inophyllum,กระทิง,2,1,1,TRUE,กรมป่าไม้(2548),Genus,690,,2,
90,Calophyllaceae,Mammea,siamensis,Mammea siamensis (Miq.) T.Anderson,Mammea siamensis,สารภี,2,1,1,TRUE,Global,Species,682,,2,
91,Calophyllaceae,Mesua,ferrea,Mesua ferrea L.,Mesua ferrea,บุนนาค,2,1,1,FALSE,กรมป่าไม้(2548),Genus,1120,,1,
92,Cannabaceae,Trema,orientale,Trema orientale (L.) Blume,Trema orientale,พังแหรใหญ่,2,1,1,FALSE,IPCC(2006),Species,310,,3,
93,Capparaceae,Capparis,micracantha,Capparis micracantha DC.,Capparis micracantha,ชิงชี่,2,1,1,FALSE,Global,Genus,691,,2,
94,Capparaceae,Crateva,adansonii,Crateva adansonii DC.,Crateva adansonii,กุ่มบก,2,1,1,FALSE,Global,Genus,467,,3,
95,Capparaceae,Crateva,magna,Crateva magna (Lour.) DC.,Crateva magna,กุ่มน้ำ,2,1,1,FALSE,Global,Genus,467,,3,
96,Capparaceae,Maerua,siamensis,Maerua siamensis (Kurz) Pax,Maerua siamensis,แจง,2,1,1,FALSE,Sulieman et al. (2020),Maerua crassifolia,530,,3,
97,Casuarinaceae,Casuarina,equisetifolia,Casuarina equisetifolia L.,Casuarina equisetifolia,สนทะเล,2,1,1,TRUE,IPCC(2006),Species,810,,2,
98,Celastraceae,Elaeodendron,glaucum,Elaeodendron glaucum (Rottb.) Pers.,Elaeodendron glaucum,มักน้ำนองต้น,2,1,1,FALSE,Global,Species,750,,2,
99,Celastraceae,Lophopetalum,duperreanum,Lophopetalum duperreanum  Pierre,Lophopetalum duperreanum,สองสลึง,1,0,1,FALSE,Global,Genus,516,,3,
100,Celastraceae,Pleurostylia,opposita,Pleurostylia opposita (Wall.) Alston,Pleurostylia opposita,แดงหิน,1,0,1,FALSE,Global,Species,660,,2,
101,Celastraceae,Siphonodon,celastrineus,Siphonodon celastrineus Griff.,Siphonodon celastrineus,มะดูก,1,1,0,FALSE,Global,Species,619,,3,
102,Chrysobalanaceae,Maranthes,corymbosa,Maranthes corymbosa Blume,Maranthes corymbosa,ชีขาดเพล,1,1,0,FALSE,Global,Species,798,,2,
103,Chrysobalanaceae,Parinari,anamensis,Parinari anamensis Hance,Parinari anamensis,มะพอก,2,1,1,FALSE,กรมป่าไม้(2548),,720,,2,
104,Clusiaceae,Garcinia,celebica,Garcinia celebica L.,Garcinia celebica,พะวา,2,1,1,FALSE,กรมป่าไม้(2548),,830,,2,
105,Clusiaceae,Garcinia,cowa,Garcinia cowa Roxb. ex Choisy,Garcinia cowa,ชะมวง,2,1,1,FALSE,กรมป่าไม้(2548),Genus,753.33,,2,
106,Clusiaceae,Garcinia,mangostana,Garcinia mangostana L.,Garcinia mangostana,มังคุด,1,0,1,FALSE,Global,Species,810,,2,
107,Clusiaceae,Garcinia,merguensis,Garcinia merguensis Wight,Garcinia merguensis,นวล,1,0,1,FALSE,Global,Species,780,,2,
108,Clusiaceae,Garcinia,schomburgkiana,Garcinia schomburgkiana Pierre,Garcinia schomburgkiana,มะดัน,2,1,1,FALSE,กรมป่าไม้(2548),Genus,753.33,,2,
109,Cochlospermaceae,Cochlospermum,religiosum,Cochlospermum religiosum (L.) Alston,Cochlospermum religiosum,สุพรรณิการ์,2,1,1,FALSE,Global,Species,234,,3,
110,Combretaceae,Combretum,quadrangulare,Combretum quadrangulare Kurz,Combretum quadrangulare,สะแกนา,2,1,1,FALSE,Global,Genus,791,,2,
111,Combretaceae,Lumnitzera,racemosa,Lumnitzera racemosa Willd.,Lumnitzera racemosa,ฝาดขาว,2,1,1,FALSE,Global,Species,710,,2,
112,Combretaceae,Terminalia,bellirica,Terminalia bellirica (Gaertn.) Roxb.,Terminalia bellirica,สมอพิเภก,2,1,1,TRUE,กรมป่าไม้(2548),Species,740,,2,
113,Combretaceae,Terminalia,calamansanai,Terminalia calamansanai (Blanco) Rolfe,Terminalia calamansanai,สกุณี,2,1,1,FALSE,กรมป่าไม้(2548),Genus,943.33,,2,
114,Combretaceae,Terminalia,catappa,Terminalia catappa L.,Terminalia catappa,หูกวาง,2,1,1,TRUE,กรมป่าไม้(2548),Genus,943.33,,2,
115,Combretaceae,Terminalia,chebula,Terminalia chebula Retz.,Terminalia chebula,สมอไทย,2,1,1,FALSE,กรมป่าไม้(2548),Species,880,,2,
116,Combretaceae,Terminalia,elliptica,Terminalia elliptica Willd.,Terminalia elliptica,รกฟ้า,2,1,1,FALSE,กรมป่าไม้(2548),Genus,943.33,,2,
117,Combretaceae,Terminalia,glaucifolia,Terminalia glaucifolia Craib,Terminalia glaucifolia,แหนนา,2,1,1,FALSE,กรมป่าไม้(2548),Genus,943.33,,2,
118,Combretaceae,Terminalia,ivorensis,Terminalia ivorensis A.Chev.,Terminalia ivorensis,หูกระจง,2,1,1,TRUE,กรมป่าไม้(2548),Genus,943.33,,2,
119,Combretaceae,Terminalia,mucronata,Terminalia mucronata Craib & Hutch.,Terminalia mucronata,ตะแบกเลือด,2,1,1,FALSE,กรมป่าไม้(2548),Species,1250,,1,
120,Combretaceae,Terminalia,pierrei,Terminalia pierrei Gagnep.,Terminalia pierrei,ตะแบกกราย,1,0,1,FALSE,กรมป่าไม้(2548),Genus,943.33,,2,
121,Combretaceae,Terminalia,triptera,Terminalia triptera Stapf,Terminalia triptera,ขี้อ้าย,2,1,1,FALSE,กรมป่าไม้(2548),Genus,943.33,,2,
122,Connaraceae,Ellipanthus,tomentosus,Ellipanthus tomentosus Kurz,Ellipanthus tomentosus,คำรอก,2,1,1,FALSE,Global,Family,500,,3,
123,Cornaceae,Alangium,indochinense,Alangium indochinense W.J.de Wilde & Duyfjes,Alangium indochinense,ปรู๋,2,1,1,FALSE,Global,Genus,617,,3,
124,Cornaceae,Alangium,kurzii,Alangium kurzii Craib,Alangium kurzii,ผีเสื้อ,1,0,1,FALSE,Global,Species,420,,3,
125,Cornaceae,Alangium,kurzii,Alangium kurzii Craib,Alangium kurzii,ฝาละมี,1,1,0,FALSE,Global,Species,420,,3,
126,Crypteroniaceae,Crypteronia,paniculata,Crypteronia paniculata Blume,Crypteronia paniculata,กะอาม,2,1,1,FALSE,กรมป่าไม้(2548),Genus,1000,,1,
127,Cupressaceae,Chamaecyparis,obtusa,Chamaecyparis obtusa (Siebold & Zucc.) Endl.,Chamaecyparis obtusa,สนแผง,1,0,1,FALSE,Global,Species,490,,3,
128,Dilleniaceae,Dillenia,indica,Dillenia indica L.,Dillenia indica,มะตาด,2,1,1,FALSE,IPCC(2006),Species,590,,3,
129,Dilleniaceae,Dillenia,obovata,Dillenia obovata (Blume) Hoogland,Dillenia obovata,ส้านใหญ่,2,1,1,FALSE,IPCC(2006),Species,590,,3,
130,Dilleniaceae,Dillenia,ovata,Dillenia ovata Wall. ex Hook.f. & Thomson,Dillenia ovata,ส้านใบเล็ก,2,1,1,FALSE,IPCC(2006),Species,590,,3,
131,Dilleniaceae,Dillenia,parviflora,Dillenia parviflora Griff.,Dillenia parviflora,ส้านหิ่ง,2,1,1,FALSE,IPCC(2006),Species,590,,3,
132,Dilleniaceae,Dillenia,suffruticosa,Dillenia suffruticosa (Griff.) Martelli,Dillenia suffruticosa,ส้านชะวา,1,0,1,FALSE,Global,Species,450,,3,
133,Dipterocarpaceae,Anisoptera,costata,Anisoptera costata Korth.,Anisoptera costata,กระบาก,2,1,1,FALSE,กรมป่าไม้(2548),Species,600,,3,
134,Dipterocarpaceae,Anthoshorea,roxburghii,Anthoshorea roxburghii (G.Don) P.S.Ashton & J.Heck.,Anthoshorea roxburghii,พะยอม,2,1,1,TRUE,กรมป่าไม้(2548),Species,840,,2,
135,Dipterocarpaceae,Cotylelobium,lanceolatum,Cotylelobium lanceolatum Craib,Cotylelobium lanceolatum,เคี่ยม,1,0,1,FALSE,Global,Species,780,,2,
136,Dipterocarpaceae,Dipterocarpus,Unknown,Dipterocarpus sp.,Dipterocarpus sp.,,1,1,0,FALSE,กรมป่าไม้(2548),Species,700,,2,
137,Dipterocarpaceae,Dipterocarpus,alatus,Dipterocarpus alatus Roxb. ex G.Don,Dipterocarpus alatus,ยางนา,2,1,1,TRUE,กรมป่าไม้(2548),Genus,832.5,,2,
138,Dipterocarpaceae,Dipterocarpus,intricatus,Dipterocarpus intricatus Dyer,Dipterocarpus intricatus,ยางกราด,1,0,1,FALSE,Global,Species,684,,2,
139,Dipterocarpaceae,Dipterocarpus,kerrii,Dipterocarpus kerrii King,Dipterocarpus kerrii,ยางมันหมู,1,1,0,FALSE,กรมป่าไม้(2548),Genus,832.5,,2,
140,Dipterocarpaceae,Dipterocarpus,obtusifolius,Dipterocarpus obtusifolius Teijsm. ex Miq.,Dipterocarpus obtusifolius,ยางเหียง,2,1,1,FALSE,กรมป่าไม้(2548),Species,900,,2,
141,Dipterocarpaceae,Dipterocarpus,tuberculatus,Dipterocarpus tuberculatus Roxb.,Dipterocarpus tuberculatus,ยางพลวง,2,1,1,FALSE,กรมป่าไม้(2548),Species,860,,2,
142,Dipterocarpaceae,Hopea,odorata,Hopea odorata Roxb.,Hopea odorata,ตะเคียนทอง,2,1,1,TRUE,กรมป่าไม้(2548),Species,800,,2,
143,Dipterocarpaceae,Pentacme,siamensis,Pentacme siamensis (Miq.) Kurz,Pentacme siamensis,รัง,2,1,1,TRUE,UW Kyis et al. (2002),Species,929,,2,
144,Dipterocarpaceae,Shorea,obtusa,Shorea obtusa Wall. ex Blume,Shorea obtusa,เต็ง,2,1,1,TRUE,กรมป่าไม้(2548),Species,1050,,1,
145,Dipterocarpaceae,Vatica,diospyroides,Vatica diospyroides Symington,Vatica diospyroides,จันทน์กะพ้อ,2,1,1,FALSE,กรมป่าไม้(2548),Genus,1060,,1,
146,Dipterocarpaceae,Vatica,harmandiana,Vatica harmandiana Pierre,Vatica harmandiana,สะเดาปัก,2,1,1,FALSE,กรมป่าไม้(2548),Genus,1060,,1,
147,Ebenaceae,Diospyros,Unknown,Diospyros sp.AmnatCharoen1,Diospyros sp.AmnatCharoen1,,1,0,1,FALSE,กรมป่าไม้(2548),Genus,1036,,1,
148,Ebenaceae,Diospyros,Unknown,Diospyros sp.MahaSarakham1,Diospyros sp.MahaSarakham1,,1,0,1,FALSE,กรมป่าไม้(2548),Genus,1036,,1,
149,Ebenaceae,Diospyros,Unknown,Diospyros sp.SaKaeo1,Diospyros sp.SaKaeo1,,1,0,1,FALSE,กรมป่าไม้(2548),Genus,1036,,1,
150,Ebenaceae,Diospyros,Unknown,Diospyros sp.Trang 1,Diospyros sp.Trang 1,,1,0,1,FALSE,กรมป่าไม้(2548),Genus,1036,,1,
151,Ebenaceae,Diospyros,Unknown,Diospyros sp.Trang2,Diospyros sp.Trang2,,1,0,1,FALSE,กรมป่าไม้(2548),Genus,1036,,1,
152,Ebenaceae,Diospyros,Unknown,Diospyros sp.Trat1,Diospyros sp.Trat1,,1,0,1,FALSE,กรมป่าไม้(2548),Genus,1036,,1,
153,Ebenaceae,Diospyros,buxifolia,Diospyros buxifolia (Blume) Hiern,Diospyros buxifolia,สั่งทำ,1,0,1,FALSE,กรมป่าไม้(2548),Genus,1036,,1,
154,Ebenaceae,Diospyros,castanea,Diospyros castanea (Craib) H.R.Fletcher,Diospyros castanea,ตะโกพนม,2,1,1,FALSE,กรมป่าไม้(2548),Genus,1036,,1,
155,Ebenaceae,Diospyros,coaetanea,Diospyros coaetanea H.R.Fletcher,Diospyros coaetanea,ลำตาควาย,1,1,0,FALSE,กรมป่าไม้(2548),Genus,1036,,1,
156,Ebenaceae,Diospyros,curranii,Diospyros curranii Merr.,Diospyros curranii,นั่งจ้อย,2,1,1,FALSE,กรมป่าไม้(2548),Genus,1036,,1,
157,Ebenaceae,Diospyros,decandra,Diospyros decandra Lour.,Diospyros decandra,อินจัน,2,1,1,FALSE,กรมป่าไม้(2548),Genus,1036,,1,
158,Ebenaceae,Diospyros,ehretioides,Diospyros ehretioides Wall. ex G.Don,Diospyros ehretioides,ตับเต่าต้น,2,1,1,FALSE,กรมป่าไม้(2548),Genus,1036,,1,
159,Ebenaceae,Diospyros,ferrea,Diospyros ferrea (Willd.) Bakh.,Diospyros ferrea,ลำบิด,1,0,1,FALSE,Global,Species,940,,2,
160,Ebenaceae,Diospyros,filipendula,Diospyros filipendula Pierre ex Lecomte,Diospyros filipendula,ลำบิดดง,2,1,1,FALSE,กรมป่าไม้(2548),Genus,1036,,1,
161,Ebenaceae,Diospyros,malabarica,Diospyros malabarica (Desr.) Kostel.,Diospyros malabarica,ตะโกสวน,2,1,1,FALSE,กรมป่าไม้(2548),Genus,1036,,1,
162,Ebenaceae,Diospyros,mollis,Diospyros mollis Griff.,Diospyros mollis,มะเกลือ,2,1,1,FALSE,กรมป่าไม้(2548),Species,1310,,1,
163,Ebenaceae,Diospyros,montana,Diospyros montana Roxb.,Diospyros montana,ถ่านไฟผี,2,1,1,FALSE,กรมป่าไม้(2548),Genus,1036,,1,
164,Ebenaceae,Diospyros,pilosanthera,Diospyros pilosanthera Blanco,Diospyros pilosanthera,กะลิง,2,1,1,FALSE,กรมป่าไม้(2548),Genus,1036,,1,
165,Ebenaceae,Diospyros,rhodocalyx,Diospyros rhodocalyx Kurz,Diospyros rhodocalyx,ตะโกนา,2,1,1,FALSE,กรมป่าไม้(2548),Genus,1036,,1,
166,Ebenaceae,Diospyros,transitoria,Diospyros transitoria Bakh.,Diospyros transitoria,มะพลับทอง,1,1,0,FALSE,กรมป่าไม้(2548),Species,960,,2,
167,Ebenaceae,Diospyros,variegata,Diospyros variegata Kurz,Diospyros variegata,พญารากดำ,1,0,1,FALSE,กรมป่าไม้(2548),Genus,1035,,1,
168,Ebenaceae,Diospyros,venosa,Diospyros venosa Wall. ex A.DC.,Diospyros venosa,จันดำ,2,1,1,FALSE,กรมป่าไม้(2548),Genus,1036,,1,
169,Ebenaceae,Diospyros,wallichii,Diospyros wallichii King & Gamble,Diospyros wallichii,ดำตะโก,1,1,0,FALSE,กรมป่าไม้(2548),Genus,1036,,1,
170,Elaeocarpaceae,Elaeocarpus,Unknown,Elaeocarpus sp.AmnatCharoen1,Elaeocarpus sp.AmnatCharoen1,,1,0,1,FALSE,Global,Genus,490,,3,
171,Elaeocarpaceae,Elaeocarpus,floribundus,Elaeocarpus floribundus Blume,Elaeocarpus floribundus,กาลน,2,1,1,FALSE,Global,Species,439,,3,
172,Elaeocarpaceae,Elaeocarpus,grandiflorus,Elaeocarpus grandiflorus Sm.,Elaeocarpus grandiflorus,ไคร้ย้อย,2,1,1,FALSE,Global,Genus,490,,3,
173,Elaeocarpaceae,Elaeocarpus,hygrophilus,Elaeocarpus hygrophilus Kurz,Elaeocarpus hygrophilus,มะกอกน้ำ,2,1,1,FALSE,Global,Genus,490,,3,
174,Elaeocarpaceae,Elaeocarpus,tectorius,Elaeocarpus tectorius (Lour.) Poir.,Elaeocarpus tectorius,สะท้อนรอก,1,0,1,FALSE,Global,Genus,490,,3,
175,Euphorbiaceae,Alchornea,Unknown,Alchornea sp.1,Alchornea sp.1,,1,1,0,FALSE,"Zanne et al., 2009",Genus,412.8,,3,
176,Euphorbiaceae,Balakata,baccata,Balakata baccata (Roxb.) Esser,Balakata baccata,โพบาย,2,1,1,FALSE,Global,Family,508,,3,
177,Euphorbiaceae,Claoxylon,indicum,Claoxylon indicum (Reinw. ex Blume) Hassk.,Claoxylon indicum,ขางน้ำผึ้ง,2,1,1,FALSE,Global,Species,350,,3,
178,Euphorbiaceae,Cleidion,javanicum,Cleidion javanicum Blume,Cleidion javanicum,ดีหมี,2,1,1,FALSE,Global,Species,450,,3,
179,Euphorbiaceae,Croton,Unknown,Croton sp.Trat1,Croton sp.Trat1,,1,0,1,FALSE,Global,Genus,514,,3,
180,Euphorbiaceae,Croton,hutchinsonianus,Croton hutchinsonianus Hosseus,Croton hutchinsonianus,เปล้าแพะ,2,1,1,FALSE,Global,Genus,515,,3,
181,Euphorbiaceae,Croton,persimilis,Croton persimilis Müll.Arg.,Croton persimilis,เปล้าใหญ่,2,1,1,FALSE,Global,Genus,515,,3,
182,Euphorbiaceae,Erismanthus,sinensis,Erismanthus sinensis Oliv.,Erismanthus sinensis,แอ๊ดใบเล็ก,1,0,1,FALSE,Global,Species,170,,3,
183,Euphorbiaceae,Excoecaria,agallocha,Excoecaria agallocha L.,Excoecaria agallocha,ตาตุ่มทะเล,1,0,1,FALSE,Global,Species,405,,3,
184,Euphorbiaceae,Falconeria,insignis,Falconeria insignis Royle,Falconeria insignis,ตาตุ่มบก,2,1,1,FALSE,Global,Species,310,,3,
185,Euphorbiaceae,Hevea,brasiliensis,Hevea brasiliensis (Willd. ex A.Juss.) Müll.Arg.,Hevea brasiliensis,ยางพารา,2,1,1,TRUE,กรมป่าไม้(2548),Species,700,,2,
186,Euphorbiaceae,Jatropha,curcas,Jatropha curcas L.,Jatropha curcas,สบู่ดำ,1,0,1,FALSE,Global,Species,170,,3,
187,Euphorbiaceae,Macaranga,pruinosa,Macaranga pruinosa (Miq.) Müll. Arg.,Macaranga pruinosa,มะฮังใหญ่,1,0,1,FALSE,Global,Species,310,,3,
188,Euphorbiaceae,Mallotus,nudiflorus,Mallotus nudiflorus (L.) Kulju & Welzen,Mallotus nudiflorus,มะฝ่อ,2,1,1,FALSE,Global,Species,503,,3,
189,Euphorbiaceae,Mallotus,philippensis,Mallotus philippensis (Lam.) Müll.Arg.,Mallotus philippensis,คำแสด,2,1,1,FALSE,IPCC(2006),Species,640,,3,
190,Euphorbiaceae,Suregada,multiflora,Suregada multiflora (A.Juss.) Baill.,Suregada multiflora,ขันทองพยาบาท,2,1,1,FALSE,Global,Species,647,,3,
191,Fabaceae,Acacia,auriculiformis,Acacia auriculiformis A.Cunn. ex Benth.,Acacia auriculiformis,กระถินณรงค์,2,1,1,TRUE,กรมป่าไม้(2548),Species,590,,3,
192,Fabaceae,Acacia,mangium,Acacia mangium Willd.,Acacia mangium,กระถินเทพา,2,1,1,TRUE,Global,Species,640,,3,
193,Fabaceae,Adenanthera,microsperma,Adenanthera microsperma Teijsm. & Binn.,Adenanthera microsperma,มะกล่ำตาไก่,2,1,1,FALSE,Global,Species,640,,3,
194,Fabaceae,Adenanthera,pavonina,Adenanthera pavonina  L.,Adenanthera pavonina,มะกล่ำต้น,1,0,1,FALSE,Global,Species,678,,2,
195,Fabaceae,Adinobotrys,atropurpureus,Adinobotrys atropurpureus (Wall.) Dunn,Adinobotrys atropurpureus,เเซะ,2,1,1,FALSE,กรมป่าไม้(2548),Species,850,,2,
196,Fabaceae,Afzelia,xylocarpa,Afzelia xylocarpa (Kurz) Craib,Afzelia xylocarpa,มะค่าโมง,2,1,1,TRUE,กรมป่าไม้(2548),Species,820,,2,
197,Fabaceae,Albizia,lebbeck,Albizia lebbeck (L.) Benth.,Albizia lebbeck,พฤกษ์,2,1,1,TRUE,กรมป่าไม้(2548),Genus,775,,2,
198,Fabaceae,Albizia,lebbekoides,Albizia lebbekoides (DC.) Benth.,Albizia lebbekoides,คาง,2,1,1,FALSE,กรมป่าไม้(2548),Species,730,,2,
199,Fabaceae,Albizia,odoratissima,Albizia odoratissima (L.f.) Benth.,Albizia odoratissima,กางขี้มอด,2,1,1,FALSE,กรมป่าไม้(2548),Genus,775,,2,
200,Fabaceae,Albizia,procera,Albizia procera (Roxb.) Benth.,Albizia procera,ทิ้งถ่อน,2,1,1,FALSE,Global,Species,573,,3,
201,Fabaceae,Antheroporum,harmandii,Antheroporum harmandii Gagnep.,Antheroporum harmandii,ทะลายเขา,1,1,0,FALSE,Global,Species,317,,3,
202,Fabaceae,Archidendron,jiringa,Archidendron jiringa (Jack) I.C.Nielsen,Archidendron jiringa,ชะเนียง,2,1,1,FALSE,Global,Species,317,,3,
203,Fabaceae,Barnebydendron,riedelii,Barnebydendron riedelii (Tul.) J.H.Kirkbr.,Barnebydendron riedelii,ประดู่แดง,2,1,1,FALSE,IPCC(2006),Species,670,,2,
204,Fabaceae,Bauhinia,purpurea,Bauhinia purpurea L.,Bauhinia purpurea,ชงโค,2,1,1,FALSE,กรมป่าไม้(2548),Species,790,,2,
205,Fabaceae,Bauhinia,saccocalyx,Bauhinia saccocalyx Pierre,Bauhinia saccocalyx,เสี้ยวดอกขาว,1,0,1,FALSE,Global,Genus,808,,2,
206,Fabaceae,Brownea,grandiceps,Brownea grandiceps Jacq.,Brownea grandiceps,โสกสะปัน,2,1,1,FALSE,Global,Brownea indet,1210,,1,
207,Fabaceae,Butea,monosperma,Butea monosperma (Lam.) Kuntze,Butea monosperma,ทองกวาว,2,1,1,TRUE,กรมป่าไม้(2548),Species,1130,,1,
208,Fabaceae,Caesalpinia,sappan,Caesalpinia sappan L.,Caesalpinia sappan,ฝาง,1,0,1,FALSE,Global,Species,835,,2,
209,Fabaceae,Cassia,bakeriana,Cassia bakeriana Craib,Cassia bakeriana,กัลปพฤกษ์,2,1,1,TRUE,Global,Genus,739,,2,
210,Fabaceae,Cassia,fistula,Cassia fistula L.,Cassia fistula,คูน,2,1,1,TRUE,Global,Species,798,,2,
211,Fabaceae,Cassia,grandis,Cassia grandis L.f.,Cassia grandis,กาฬพฤกษ์,2,1,1,FALSE,Global,Genus,739,,2,
212,Fabaceae,Cassia,javanica,Cassia javanica L.,Cassia javanica,ชัยพฤกษ์,2,1,1,FALSE,Global,Species,616,,3,
213,Fabaceae,Cassia,× nealiae,Cassia × nealiae H.S.Irwin & Barneby,Cassia × nealiae,คูนขาว,1,0,1,FALSE,Global,Genus,739,,2,
214,Fabaceae,Dalbergia,cana,Dalbergia cana Graham ex Kurz,Dalbergia cana,กระพี้นางนวล,2,1,1,FALSE,กรมป่าไม้(2548),Genus,1088.33,,1,
215,Fabaceae,Dalbergia,cochinchinensis,Dalbergia cochinchinensis Pierre,Dalbergia cochinchinensis,พะยูง,2,1,1,TRUE,กรมป่าไม้(2548),Species,1032,,1,
216,Fabaceae,Dalbergia,cultrata,Dalbergia cultrata T.S.Ralph,Dalbergia cultrata,กระพี้เขาควาย,2,1,1,FALSE,กรมป่าไม้(2548),Species,1090,,1,
217,Fabaceae,Dalbergia,lanceolaria var. lakhonensis,Dalbergia lanceolaria var. lakhonensis (Gagnep.) Niyomdham & P.H.Hô,Dalbergia lanceolaria var. lakhonensis,ขี้มอด,2,1,1,FALSE,Global,Species,561,,3,
218,Fabaceae,Dalbergia,nigrescens,Dalbergia nigrescens Kurz,Dalbergia nigrescens,ฉนวน,2,1,1,TRUE,กรมป่าไม้(2548),Genus,1088.33,,1,
219,Fabaceae,Dalbergia,oliveri,Dalbergia oliveri Gamble ex Prain,Dalbergia oliveri,ชิงชัน,1,0,1,FALSE,Global,Species,880,,2,
220,Fabaceae,Dalbergia,ovata,Dalbergia ovata Graham ex Benth.,Dalbergia ovata,เก็ดขาว,2,1,1,FALSE,Global,Species,675,,2,
221,Fabaceae,Delonix,regia,Delonix regia (Bojer ex Hook.) Raf.,Delonix regia,หางนกยูงฝรั่ง,2,1,1,TRUE,Global,Species,579,,3,
222,Fabaceae,Dialium,cochinchinense,Dialium cochinchinense Pierre,Dialium cochinchinense,เขลง,2,1,1,TRUE,กรมป่าไม้(2548),Species,1100,,1,
223,Fabaceae,Erythrina,fusca,Erythrina fusca Lour.,Erythrina fusca,ทองหลางน้ำ,2,1,1,FALSE,IPCC(2006),Species,270,,3,
224,Fabaceae,Erythrina,stricta,Erythrina stricta Roxb.,Erythrina stricta,ทองเดือนห้า,1,1,0,FALSE,IPCC(2006),Species,270,,3,
225,Fabaceae,Erythrophleum,succirubrum,Erythrophleum succirubrum Gagnep.,Erythrophleum succirubrum,พันชาด,1,0,1,FALSE,Global,Genus,819,,2,
226,Fabaceae,Gliricidia,sepium,Gliricidia sepium (Jacq.) Kunth,Gliricidia sepium,แคฝรั่ง,2,1,1,FALSE,Global,Species,617,,3,
227,Fabaceae,Imbralyx,leucanthus,Imbralyx leucanthus (Kurz) Z.Q.Song,Imbralyx leucanthus,สาธร,2,1,1,FALSE,The Wood Database (Ipe),Species,1110,,1,
228,Fabaceae,Intsia,palembanica,Intsia palembanica Miq.,Intsia palembanica,หลุมพอ,1,0,1,FALSE,Global,Species,659,,2,
229,Fabaceae,Leucaena,leucocephala,Leucaena leucocephala (Lam.) de Wit,Leucaena leucocephala,กระถินยักษ์,2,1,1,FALSE,IPCC(2006),Species,640,,3,
230,Fabaceae,Millettia,Unknown,Millettia sp.1,Millettia sp.1,,2,1,1,FALSE,กรมป่าไม้(2548),Genus,1200,,1,
231,Fabaceae,Millettia,Unknown,Millettia sp.2,Millettia sp.2,,2,1,1,FALSE,กรมป่าไม้(2548),Genus,1200,,1,
232,Fabaceae,Millettia,Unknown,Millettia sp.Tak1,Millettia sp.Tak1,,1,0,1,FALSE,กรมป่าไม้(2548),Genus,1200,,1,
233,Fabaceae,Millettia,brandisiana,Millettia brandisiana Kurz,Millettia brandisiana,กระพี้จั่น,2,1,1,FALSE,กรมป่าไม้(2548),Genus,1200,,1,
234,Fabaceae,Millettia,xylocarpa,Millettia xylocarpa Miq.,Millettia xylocarpa,จักจั่น,2,1,1,FALSE,กรมป่าไม้(2548),Genus,1200,,1,
235,Fabaceae,Parkia,speciosa,Parkia speciosa Hassk.,Parkia speciosa,สะตอ,2,1,1,FALSE,กรมป่าไม้(2548),Species,500,,3,
236,Fabaceae,Parkia,timoriana,Parkia timoriana (DC.) Merr.,Parkia timoriana,เหรียง,2,1,1,FALSE,กรมป่าไม้(2548),Genus,470,,3,
237,Fabaceae,Peltophorum,dasyrrhachis,Peltophorum dasyrhachis (Miq.) Kurz,Peltophorum dasyrhachis,อะราง,2,1,1,TRUE,Global,Species,595,,3,
238,Fabaceae,Peltophorum,pterocarpum,Peltophorum pterocarpum (DC.) Backer ex K.Heyne,Peltophorum pterocarpum,นนทรี,2,1,1,TRUE,Global,Species,565,,3,
239,Fabaceae,Piliostigma,malabaricum,Piliostigma malabaricum (Roxb.) Benth.,Piliostigma malabaricum,เสี้ยวใหญ่,2,1,1,FALSE,Orwa et al.2009,Species,742.5,,2,665-820
240,Fabaceae,Pithecellobium,dulce,Pithecellobium dulce (Roxb.) Benth.,Pithecellobium dulce,มะขามเทศ,2,1,1,FALSE,Global,Species,684,,2,
241,Fabaceae,Pterocarpus,indicus,Pterocarpus indicus Willd.,Pterocarpus indicus,ประดู่บ้าน,2,1,1,TRUE,กรมป่าไม้(2548),Genus,813.5,,2,
242,Fabaceae,Pterocarpus,macrocarpus,Pterocarpus macrocarpus Kurz,Pterocarpus macrocarpus,ประดู่ป่า,2,1,1,TRUE,กรมป่าไม้(2548),Genus,813.5,,2,
243,Fabaceae,Samanea,saman,Samanea saman (Jacq.) Merr.,Samanea saman,จามจุรี,2,1,1,TRUE,กรมป่าไม้(2548),Species,620,,3,
244,Fabaceae,Saraca,indica,Saraca indica L.,Saraca indica,โสกน้ำ,2,1,1,FALSE,Global,Species,648,,3,
245,Fabaceae,Saraca,thaipingensis,Saraca thaipingensis Cantley ex Prain,Saraca thaipingensis,ศรียะลา,2,1,1,FALSE,Global,Species,470,,3,
246,Fabaceae,Senegalia,catechu,Senegalia catechu (L.f.) P.J.H.Hurter & Mabb.,Senegalia catechu,สีเสียด,2,1,1,FALSE,Global,Acacia catechu(ชื่อเดิม),801,,2,
247,Fabaceae,Senna,garrettiana,Senna garrettiana (Craib) H.S.Irwin & Barneby,Senna garrettiana,แสมสาร,2,1,1,FALSE,Global,Genus,617,,3,
248,Fabaceae,Senna,siamea,Senna siamea (Lam.) H.S.Irwin & Barneby,Senna siamea,ขี้เหล็ก,2,1,1,TRUE,Global,Species,660,,2,
249,Fabaceae,Senna,spectabilis,Senna spectabilis (DC.) H.S.Irwin & Barneby,Senna spectabilis,ขี้เหล็กอเมริกัน,1,0,1,FALSE,Global,Genus,617,,3,
250,Fabaceae,Sindora,siamensis,Sindora siamensis Teijsm. ex Miq.,Sindora siamensis,มะค่าแต้,2,1,1,TRUE,กรมป่าไม้(2548),Genus,1100,,1,
251,Fabaceae,Tamarindus,indica,Tamarindus indica L.,Tamarindus indica,มะขาม,2,1,1,TRUE,กรมป่าไม้(2548),Species,781,,2,
252,Fabaceae,Unknow,Unknown,Unknown genus-Fabaceae-Uttaradit,Unknown genus-Fabaceae-Uttaradit,,1,0,1,FALSE,Global,Family,678,,2,
253,Fabaceae,Xylia,xylocarpa var. kerrii,Xylia xylocarpa var. kerrii (Craib & Hutch.) I.C.Nielsen,Xylia xylocarpa var. kerrii,แดง,2,1,1,TRUE,กรมป่าไม้(2548),,1010,,1,
254,Fagaceae,Castanopsis,nephelioides,Castanopsis nephelioides King ex Hook.f.,Castanopsis nephelioides,ก่อคอแลน,2,1,1,FALSE,Global,Species,520,,3,
255,Fagaceae,Castanopsis,wallichii,Castanopsis wallichii King ex Hook.f.,Castanopsis wallichii,ก่อบ้าน,2,1,1,FALSE,Global,Genus,550,,3,
256,Fagaceae,Lithocarpus,Unknown,Lithocarpus sp.,Lithocarpus sp.,,2,1,1,FALSE,Global,Species,668,,2,
257,Fagaceae,Quercus,kerrii,Quercus kerrii Craib,Quercus kerrii,ก่อแพะ,1,0,1,FALSE,Global,Genus,701,,2,
258,Gentianaceae,Cyrtophyllum,fragrans,Cyrtophyllum fragrans (Roxb.) DC.,Cyrtophyllum fragrans,กันเกรา,2,1,1,FALSE,iPlantz.com,Species,750,,2,650-850
259,Gentianaceae,Fagraea,ceilanica,Fagraea ceilanica Thunb.,Fagraea ceilanica,แก้วมุกดา,2,1,1,FALSE,กรมป่าไม้(2548),Genus,920,,2,
260,Hernandiaceae,Gyrocarpus,americanus,Gyrocarpus americanus Jacq.,Gyrocarpus americanus,ปูเล,2,1,1,FALSE,Global,Species,237,,3,
261,Hypericaceae,Cratoxylum,Unknown,Cratoxylum sp.,Cratoxylum sp.,ติ้ว,1,1,0,FALSE,กรมป่าไม้(2548),Species,800,,2,
262,Hypericaceae,Cratoxylum,cochinchinense,Cratoxylum cochinchinense (Lour.) Blume,Cratoxylum cochinchinense,ติ้วเกลี้ยง,2,1,1,FALSE,กรมป่าไม้(2548),Genus,800,,2,
263,Hypericaceae,Cratoxylum,formosum subsp. formosum,Cratoxylum formosum subsp. formosum (Jack) Benth. & Hook.f. ex Dyer,Cratoxylum formosum subsp. formosum,ติ้วขาว,2,1,1,FALSE,กรมป่าไม้(2548),Genus,800,,2,
264,Hypericaceae,Cratoxylum,formosum subsp. pruniflorum,Cratoxylum formosum subsp. pruniflorum (Kurz) Gogelein,Cratoxylum formosum subsp. pruniflorum,ติ้วขน,2,1,1,FALSE,กรมป่าไม้(2548),Genus,800,,2,
265,Irvingiaceae,Irvingia,malayana,Irvingia malayana Oliv. ex A.W.Benn.,Irvingia malayana,กระบก,2,1,1,FALSE,กรมป่าไม้(2548),Species,1040,,1,
266,Lamiaceae,Gmelina,Unknown,Gmelina sp.AmnatCharoen1,Gmelina sp.AmnatCharoen1,,1,0,1,FALSE,Global,Genus,464,,3,
267,Lamiaceae,Gmelina,arborea,Gmelina arborea Roxb.,Gmelina arborea,ซ้อ,1,1,0,FALSE,กรมป่าไม้(2548),Species,540,,3,
268,Lamiaceae,Gmelina,arborea,Gmelina elliptica Sm.,Gmelina elliptica,ทองแมว,1,0,1,FALSE,กรมป่าไม้(2548),Species,540,,3,
269,Lamiaceae,Premna,Unknown,Premna sp.,Premna sp.,,2,1,1,FALSE,กรมป่าไม้(2548),Genus,880,,2,
270,Lamiaceae,Premna,tomentosa,Premna tomentosa Willd.,Premna tomentosa,เกีย,1,1,0,FALSE,กรมป่าไม้(2548),Genus,880,,2,
271,Lamiaceae,Tectona,grandis,Tectona grandis L.f.,Tectona grandis,สัก,2,1,1,TRUE,กรมป่าไม้(2548),Species,642,650,3,
272,Lamiaceae,Vitex,canescens,Vitex canescens Kurz,Vitex canescens,ผ่าเสี้ยน,2,1,1,FALSE,กรมป่าไม้(2548),Genus,900,,2,
273,Lamiaceae,Vitex,glabrata,Vitex glabrata R.Br.,Vitex glabrata,ไข่เน่า,1,0,1,FALSE,Global,Species,580,,3,
274,Lamiaceae,Vitex,limonifolia,Vitex limonifolia Wall. ex C.B.Clarke,Vitex limonifolia,สวอง,2,1,1,FALSE,กรมป่าไม้(2548),Genus,900,,2,
275,Lamiaceae,Vitex,peduncularis,Vitex peduncularis Wall. ex Schauer,Vitex peduncularis,กาสามปีก,2,1,1,FALSE,กรมป่าไม้(2548),Genus,900,,2,
276,Lamiaceae,Vitex,pinnata,Vitex pinnata L.,Vitex pinnata,ตีนนก,2,1,1,FALSE,กรมป่าไม้(2548),Genus,900,,2,
277,Lamiaceae,Vitex,quinata,Vitex quinata (Lour.) F.N.Williams,Vitex quinata,ตะพุนเฒ่า,2,1,1,FALSE,กรมป่าไม้(2548),Genus,900,,2,
278,Lamiaceae,Vitex,scabra,Vitex scabra Wall. ex Schauer,Vitex scabra,อีแปะ,2,1,1,FALSE,กรมป่าไม้(2548),Genus,900,,2,
279,Lauraceae,Beilschmiedia,roxburghiana,Beilschmiedia roxburghiana Nees,Beilschmiedia roxburghiana,ฝีหมอบ,2,1,1,FALSE,IPCC(2006),Species,670,,2,
280,Lauraceae,Cinnamomum,Unknown,Cinnamomum sp.Trang1,Cinnamomum sp.Trang1,,1,0,1,FALSE,Global,Genus,470,,3,
281,Lauraceae,Cinnamomum,Unknown,Cinnamomum sp.Trat1,Cinnamomum sp.Trat1,,1,0,1,FALSE,Global,Genus,470,,3,
282,Lauraceae,Cinnamomum,camphora,Cinnamomum camphora (L.) J.Presl,Cinnamomum camphora,การบูร,2,1,1,FALSE,Global,Species,487,,3,
283,Lauraceae,Cinnamomum,iners,Cinnamomum iners (Reinw. ex Nees & T.Nees) Blume,Cinnamomum iners,เชียด,2,1,1,FALSE,Global,Species,499,,3,
284,Lauraceae,Cinnamomum,parthenoxylon,Cinnamomum parthenoxylon (Jack) Meisn.,Cinnamomum parthenoxylon,เทพทาโร,2,1,1,FALSE,Global,Species,580,,3,
285,Lauraceae,Litsea,Unknown,Litsea sp.Trat1,Litsea sp.Trat1,,1,0,1,FALSE,Global,Genus,425,,3,
286,Lauraceae,Litsea,glutinosa,Litsea glutinosa (Lour.) C.B.Rob.,Litsea glutinosa,หมีเหม็น,2,1,1,FALSE,IPCC(2006),Species,400,,3,
287,Lauraceae,Litsea,grandis,Litsea grandis (Nees) Hook.f.,Litsea grandis,กะทังใบใหญ่,2,1,1,FALSE,IPCC(2006),Species,400,,3,
288,Lauraceae,Litsea,umbellata,Litsea umbellata (Lour.) Merr.,Litsea umbellata,ฟันปลา,2,1,1,FALSE,IPCC(2006),Species,400,,3,
289,Lauraceae,Neolitsea,zeylanica,Neolitsea zeylanica (Nees) Merr.,Neolitsea zeylanica,เอียน,1,0,1,FALSE,Global,Genus,533,,3,
290,Lauraceae,Phoebe,tavoyana,Phoebe tavoyana Hook.f.,Phoebe tavoyana,กอหิน,1,1,0,FALSE,กรมป่าไม้(2548),Genus,750,,2,
291,Lauraceae,Unknow,Unknown,Unknown genus-Lauraceae-Trat-1,Unknown genus-Lauraceae-Trat-1,,1,0,1,FALSE,Global,Family,559,,3,
292,Lauraceae,Unknow,Unknown,Unknown genus-Lauraceae-Trat-2,Unknown genus-Lauraceae-Trat-2,,1,0,1,FALSE,Global,Family,559,,3,
293,Lecythidaceae,Barringtonia,Unknown,Barringtonia sp.,Barringtonia sp.,,2,1,1,FALSE,IPCC(2006),,480,,3,
294,Lecythidaceae,Barringtonia,acutangula,Barringtonia acutangula (L.) Gaertn.,Barringtonia acutangula,จิกน้ำ,2,1,1,TRUE,IPCC(2006),,480,,3,
295,Lecythidaceae,Barringtonia,racemosa,Barringtonia racemosa (L.) Gaertn.,Barringtonia racemosa,จิกสวน,2,1,1,FALSE,IPCC(2006),,480,,3,
296,Lecythidaceae,Careya,arborea,Careya arborea Roxb.,Careya arborea,กระโดน,2,1,1,TRUE,Global,Species,731,,2,
297,Lecythidaceae,Couroupita,guianensis,Couroupita guianensis Aubl.,Couroupita guianensis,สาละลังกา,2,1,1,FALSE,Global,Species,434,,3,
298,Loganiaceae,Strychnos,nux-blanda,Strychnos nux-blanda A.W.Hill,Strychnos nux-blanda,แสลงใจ,2,1,1,FALSE,Global,Species,744,,2,
299,Lythraceae,Lagerstroemia,calyculata,Lagerstroemia calyculata Kurz,Lagerstroemia calyculata,ตะแบกแดง,2,1,1,FALSE,กรมป่าไม้(2548),Species,680,,2,
300,Lythraceae,Lagerstroemia,cochinchinensis,Lagerstroemia cochinchinensis Pierre,Lagerstroemia cochinchinensis,ตะแบกเกรียบ,2,1,1,FALSE,กรมป่าไม้(2548),Genus,683.33,,2,
301,Lythraceae,Lagerstroemia,duperreana,Lagerstroemia duperreana Pierre ex Gagnep.,Lagerstroemia duperreana,ตะแบกเปลือกบาง,2,1,1,FALSE,กรมป่าไม้(2548),Genus,683.33,,2,
302,Lythraceae,Lagerstroemia,floribunda,Lagerstroemia floribunda Jack,Lagerstroemia floribunda,ตะแบกนา,2,1,1,TRUE,กรมป่าไม้(2548),Genus,683.33,,2,
303,Lythraceae,Lagerstroemia,loudonii,Lagerstroemia loudonii Teijsm. & Binn.,Lagerstroemia loudonii,อินทรชิต,2,1,1,TRUE,กรมป่าไม้(2548),Genus,683.33,,2,
304,Lythraceae,Lagerstroemia,macrocarpa,Lagerstroemia macrocarpa Kurz,Lagerstroemia macrocarpa,อินทนิลบก,2,1,1,FALSE,กรมป่าไม้(2548),Genus,683.33,,2,
305,Lythraceae,Lagerstroemia,speciosa,Lagerstroemia speciosa (L.) Pers.,Lagerstroemia speciosa,อินทนิลน้ำ,2,1,1,TRUE,กรมป่าไม้(2548),Species,650,,2,
306,Lythraceae,Lagerstroemia,subangulata,Lagerstroemia subangulata (Craib) Furtado & Montien,Lagerstroemia subangulata,สมอร่อง,2,1,1,FALSE,กรมป่าไม้(2548),Genus,683.33,,2,
307,Lythraceae,Lagerstroemia,venusta,Lagerstroemia venusta Wall. ex C.B.Clarke,Lagerstroemia venusta,เสลาเปลือกบาง,2,1,1,FALSE,กรมป่าไม้(2548),Genus,683.33,,2,
308,Lythraceae,Lagerstroemia,villosa,Lagerstroemia villosa Wall. ex Kurz,Lagerstroemia villosa,เสลาเปลือกหนา,1,0,1,FALSE,Global,Species,689,,2,
309,Lythraceae,Sonneratia,alba,Sonneratia alba J.Sm.,Sonneratia alba,ลำแพน,2,1,1,FALSE,Global,Species,509,,3,
310,Lythraceae,Sonneratia,caseolaris,Sonneratia caseolaris (L.) Engl.,Sonneratia caseolaris,ลำพู,2,1,1,FALSE,กรมป่าไม้(2548),Genus,473,,3,
311,Magnoliaceae,Magnolia,champaca,Magnolia champaca (L.) Baill. ex Pierre,Magnolia champaca,จำปา,2,1,1,FALSE,IPCC(2006),Species,520,,3,
312,Magnoliaceae,Magnolia,liliifera,Magnolia liliifera (L.) Baill.,Magnolia liliifera,มณฑา,2,1,1,FALSE,IPCC(2006),Species,520,,3,
313,Magnoliaceae,Magnolia,× alba,Magnolia × alba (DC.) Figlar,Magnolia × alba,จำปี,2,1,1,TRUE,IPCC(2006),Species,520,,3,
314,Malpighiaceae,Hiptage,candicans,Hiptage candicans Hook.f.,Hiptage candicans,กำลังช้างเผือก,1,0,1,FALSE,Global,Family,644,,3,
315,Malpighiaceae,Malpighia,glabra,Malpighia glabra L.,Malpighia glabra,เชอร์รี่ไทย,2,1,1,FALSE,Global,Family,644,,3,
316,Malvaceae,Adansonia,digitata,Adansonia digitata L.,Adansonia digitata,เบาบับ,1,0,1,FALSE,Global,Species,276,,3,
317,Malvaceae,Bombax,anceps,Bombax anceps Pierre,Bombax anceps,งิ้วดอกขาว,2,1,1,FALSE,Global,Species,413,,3,
318,Malvaceae,Ceiba,pentandra,Ceiba pentandra (L.) Gaertn.,Ceiba pentandra,นุ่น,2,1,1,FALSE,IPCC(2006),Species,230,,3,
319,Malvaceae,Grewia,eriocarpa,Grewia eriocarpa Juss.,Grewia eriocarpa,ปอแก่นเทา,2,1,1,FALSE,Global,Species,670,,2,
320,Malvaceae,Heritiera,littoralis,Heritiera littoralis Aiton,Heritiera littoralis,หงอนไก่,1,0,1,FALSE,Global,Species,848,,2,
321,Malvaceae,Hibiscus,tiliaceus,Hibiscus tiliaceus L.,Hibiscus tiliaceus,ปอทะเล,2,1,1,FALSE,กรมป่าไม้(2548),Genus,350,,3,
322,Malvaceae,Kydia,calycina,Kydia calycina Roxb.,Kydia calycina,เลียงฝ้าย,1,0,1,FALSE,Global,Species,258,,3,
323,Malvaceae,Mansonia,gagei,Mansonia gagei J.R.Drumm.,Mansonia gagei,จันทน์หอม,1,0,1,FALSE,Global,Species,882,,2,
324,Malvaceae,Microcos,paniculata,Microcos paniculata L.,Microcos paniculata,ลาย,2,1,1,FALSE,Global,Species,619,,3,
325,Malvaceae,Microcos,tomentosa,Microcos tomentosa Sm.,Microcos tomentosa,พลับพลา,2,1,1,FALSE,Global,Species,640,,3,
326,Malvaceae,Pterocymbium,tinctorium,Pterocymbium tinctorium (Blanco) Merr.,Pterocymbium tinctorium,ปออีเก้ง,1,0,1,FALSE,Global,Species,310,,3,
327,Malvaceae,Pterospermum,cinnamomeum,Pterospermum cinnamomeum Kurz,Pterospermum cinnamomeum,ตองเต่า,2,1,1,FALSE,กรมป่าไม้(2548),Genus,745,,2,
328,Malvaceae,Pterospermum,grandiflorum,Pterospermum grandiflorum Craib,Pterospermum grandiflorum,สะเต้า,2,1,1,FALSE,กรมป่าไม้(2548),Genus,745,,2,
329,Malvaceae,Pterospermum,pecteniforme,Pterospermum pecteniforme Kosterm.,Pterospermum pecteniforme,ยู,1,1,0,FALSE,กรมป่าไม้(2548),Genus,745,,2,
330,Malvaceae,Sterculia,Unknown,Sterculia sp.,Sterculia sp.,,1,1,0,FALSE,กรมป่าไม้(2548),Species,460,,3,
331,Malvaceae,Sterculia,foetida,Sterculia foetida L.,Sterculia foetida,สำโรง,2,1,1,FALSE,Global,Species,448,,3,
332,Malvaceae,Sterculia,guttata,Sterculia guttata Roxb.,Sterculia guttata,ปอแดง,2,1,1,FALSE,Global,Genus,427,,3,
333,Malvaceae,Sterculia,pexa,Sterculia pexa Pierre,Sterculia pexa,ปอขาว,2,1,1,FALSE,Global,Species,405,,3,
334,Malvaceae,Thespesia,populnea,Thespesia populnea (L.) Sol. ex Corrêa,Thespesia populnea,โพทะเล,2,1,1,FALSE,IPCC(2006),Species,520,,3,
335,Melastomataceae,Memecylon,Unknown,Memecylon sp.Trat1,Memecylon sp.Trat1,,1,0,1,FALSE,Global,Genus,768,,2,
336,Melastomataceae,Memecylon,coeruleum,Memecylon coeruleum Jack,Memecylon coeruleum,พลองขี้ควาย,2,1,1,FALSE,Global,Genus,768,,2,
337,Melastomataceae,Memecylon,edule,Memecylon edule Roxb.,Memecylon edule,พลองเหมือด,2,1,1,FALSE,Global,Species,675,,2,
338,Melastomataceae,Memecylon,scutellatum,Memecylon scutellatum (Lour.) Hook. & Arn.,Memecylon scutellatum,เหมือดจี้,1,0,1,FALSE,Global,Genus,768,,2,
339,Melastomataceae,Pternandra,caerulescens,Pternandra caerulescens Jack,Pternandra caerulescens,พลองแก้มอ้น,1,0,1,FALSE,Global,Genus,525,,3,
340,Meliaceae,Aglaia,lawii,Aglaia lawii (Wight) C.J.Saldanha,Aglaia lawii,สังกะโต้ง,1,0,1,FALSE,Global,Species,596,,3,
341,Meliaceae,Aphanamixis,polystachya,Aphanamixis polystachya (Wall.) R.Parker,Aphanamixis polystachya,ตาเสือ,2,1,1,FALSE,Global,Species,576,,3,
342,Meliaceae,Azadirachta,excelsa,Azadirachta excelsa (Jack) Jacobs,Azadirachta excelsa,สะเดาเทียม,2,1,1,FALSE,กรมป่าไม้(2548),Species,570,,3,
343,Meliaceae,Azadirachta,indica,Azadirachta indica A.Juss.,Azadirachta indica,สะเดา,2,1,1,TRUE,กรมป่าไม้(2548),Species,860,,2,
344,Meliaceae,Chukrasia,tabularis,Chukrasia tabularis A.Juss.,Chukrasia tabularis,ยมหิน,2,1,1,FALSE,กรมป่าไม้(2548),Genus,900,,2,
345,Meliaceae,Dysoxylum,Unknown,Dysoxylum sp.,Dysoxylum sp.,,1,1,0,FALSE,Global,Genus,591,,3,
346,Meliaceae,Khaya,senegalensis,Khaya senegalensis (Desr.) A. Juss.,Khaya senegalensis,ยมชวน,1,0,1,FALSE,Global,Species,626,,3,
347,Meliaceae,Melia,azedarach,Melia azedarach L.,Melia azedarach,เลี่ยน,1,0,1,FALSE,Global,Species,438,,3,
348,Meliaceae,Sandoricum,koetjape,Sandoricum koetjape (Burm.f.) Merr.,Sandoricum koetjape,กระท้อน,2,1,1,FALSE,กรมป่าไม้(2548),Genus,570,,3,
349,Meliaceae,Swietenia,macrophylla,Swietenia macrophylla King,Swietenia macrophylla,มะฮอกกานีใบใหญ่,2,1,1,TRUE,Global,Species,520,,3,
350,Meliaceae,Toona,ciliata,Toona ciliata M.Roem.,Toona ciliata,ยมหอม,1,0,1,FALSE,Global,Species,376,,3,
351,Meliaceae,Walsura,trichostemon,Walsura trichostemon Miq.,Walsura trichostemon,กัดลิ้น,2,1,1,FALSE,กรมป่าไม้(2548),Genus,1130,,1,
352,Meliaceae,Xylocarpus,granatum,Xylocarpus granatum J.Koenig,Xylocarpus granatum,ตะบูนขาว,2,1,1,FALSE,กรมป่าไม้(2548),,600,,3,
353,Meliaceae,Xylocarpus,moluccensis,Xylocarpus moluccensis (Lam.) M.Roem.,Xylocarpus moluccensis,ตะบูนดำ,1,0,1,FALSE,Global,Species,611,,3,
354,Moraceae,Artocarpus,Unknown,Artocarpus sp.BuengKan1,Artocarpus sp.BuengKan1,,1,0,1,FALSE,กรมป่าไม้(2548),Genus,566.67,,3,
355,Moraceae,Artocarpus,Unknown,Artocarpus sp.Chumphon1,Artocarpus sp.Chumphon1,,1,0,1,FALSE,กรมป่าไม้(2548),Genus,567.67,,3,
356,Moraceae,Artocarpus,Unknown,Artocarpus sp.Trang1,Artocarpus sp.Trang1,,1,0,1,FALSE,กรมป่าไม้(2548),Genus,568.67,,3,
357,Moraceae,Artocarpus,chama,Artocarpus chama Buch.-Ham.,Artocarpus chama,ขนุนป่า,1,0,1,FALSE,กรมป่าไม้(2548),Genus,569.67,,3,
358,Moraceae,Artocarpus,elasticus,Artocarpus elasticus Reinw. ex Blume,Artocarpus elasticus,กะออก,2,1,1,FALSE,กรมป่าไม้(2548),Genus,566.67,,3,
359,Moraceae,Artocarpus,gomezianus,Artocarpus gomezianus Wall. ex Trécul,Artocarpus gomezianus,หาดหนุน,2,1,1,FALSE,กรมป่าไม้(2548),Genus,566.67,,3,
360,Moraceae,Artocarpus,heterophyllus,Artocarpus heterophyllus Lam.,Artocarpus heterophyllus,ขนุน,2,1,1,TRUE,กรมป่าไม้(2548),Species,517,,3,
361,Moraceae,Artocarpus,integer,Artocarpus integer (Thunb.) Merr.,Artocarpus integer,จำปาดะ,1,1,0,FALSE,กรมป่าไม้(2548),Genus,566.67,,3,
362,Moraceae,Artocarpus,lacucha,Artocarpus lacucha Roxb. ex Buch.-Ham.,Artocarpus lacucha,มะหาด,2,1,1,FALSE,กรมป่าไม้(2548),Species,660,,2,
363,Moraceae,Artocarpus,thailandicus,Artocarpus thailandicus C.C.Berg,Artocarpus thailandicus,มะหาดไทย,1,0,1,FALSE,กรมป่าไม้(2548),Genus,569.67,,3,
364,Moraceae,Ficus,altissima,Ficus altissima Blume,Ficus altissima,กร่าง,2,1,1,FALSE,Global,Species,473,,3,
365,Moraceae,Ficus,benghalensis,Ficus benghalensis L.,Ficus benghalensis,นิโครธ,2,1,1,FALSE,Global,Species,494,,3,
366,Moraceae,Ficus,benjamina,Ficus benjamina L.,Ficus benjamina,ไทรย้อยใบแหลม,2,1,1,TRUE,IPCC(2006),Species,650,,2,
367,Moraceae,Ficus,callosa,Ficus callosa Willd.,Ficus callosa,มะเดื่อกวาง,2,1,1,FALSE,Global,Species,290,,3,
368,Moraceae,Ficus,capillipes,Ficus capillipes Gagnep.,Ficus capillipes,กะเหรี่ยง,1,0,1,FALSE,Global,Genus,421,,3,
369,Moraceae,Ficus,concinna,Ficus concinna (Miq.) Miq.,Ficus concinna,ไกร,2,1,1,FALSE,Global,Genus,421,,3,
370,Moraceae,Ficus,fistulosa,Ficus fistulosa Reinw. ex Blume,Ficus fistulosa,เดื่อฉิ่ง,2,1,1,FALSE,Global,Species,380,,3,
371,Moraceae,Ficus,geniculata,Ficus geniculata Kurz,Ficus geniculata,ไฮ,2,1,1,FALSE,Global,Genus,421,,3,
372,Moraceae,Ficus,hispida,Ficus hispida L.f.,Ficus hispida,มะเดื่อปล้อง,2,1,1,FALSE,Global,Species,382,,3,
373,Moraceae,Ficus,maclellandii,Ficus maclellandii King,Ficus maclellandii,ไทรใบดาบ,2,1,1,FALSE,Global,Genus,421,,3,
374,Moraceae,Ficus,microcarpa,Ficus microcarpa L.f.,Ficus microcarpa,ไทรย้อยใบทู่,2,1,1,FALSE,Global,Genus,421,,3,
375,Moraceae,Ficus,racemosa,Ficus racemosa L.,Ficus racemosa,มะเดื่ออุทุมพร,2,1,1,FALSE,Global,Species,363,,3,
376,Moraceae,Ficus,religiosa,Ficus religiosa L.,Ficus religiosa,โพศรีมหาโพ,2,1,1,TRUE,Global,Species,443,,3,
377,Moraceae,Ficus,rumphii,Ficus rumphii Blume,Ficus rumphii,โพขี้นก,2,1,1,TRUE,Global,Species,430,,3,
378,Moraceae,Ficus,subpisocarpa,Ficus subpisocarpa Gagnep.,Ficus subpisocarpa,เลียบ,2,1,1,FALSE,Global,Genus,421,,3,
379,Moraceae,Ficus,superba,Ficus superba (Miq.) Miq.,Ficus superba,ไทรเลียบ,2,1,1,FALSE,Global,Genus,421,,3,
380,Moraceae,Ficus,variegata,Ficus variegata Blume,Ficus variegata,ผูก,1,1,0,FALSE,Global,Species,327,,3,
381,Moraceae,Ficus,virens,Ficus virens Aiton,Ficus virens,ผักเลือด,2,1,1,FALSE,Global,Species,344,,3,
382,Moraceae,Morus,alba,Morus alba L.,Morus alba,หม่อน,2,1,1,FALSE,Global,Species,601,,3,
383,Moraceae,Streblus,asper,Streblus asper Lour.,Streblus asper,ข่อย,2,1,1,TRUE,Global,Species,622,,3,
384,Moringaceae,Moringa,oleifera,Moringa oleifera Lam.,Moringa oleifera,มะรุม,2,1,1,FALSE,Global,Species,262,,3,
385,Muntingiaceae,Muntingia,calabura,Muntingia calabura L.,Muntingia calabura,ตะขบบ้าน,2,1,1,FALSE,Global,Species,300,,3,
386,Myristicaceae,Horsfieldia,glabra,Horsfieldia glabra (Blume) Warb.,Horsfieldia glabra,มะพร้าวนกกก,2,1,1,FALSE,Global,Species,560,,3,
387,Myristicaceae,Knema,globularia,Knema globularia (Lam.) Warb.,Knema globularia,เลือดแรด,2,1,1,FALSE,Tropical tree(2014),Genus,530,,3,
388,Myrtaceae,Baeckea,frutescens,Baeckea frutescens L.,Baeckea frutescens,สนทราย,1,0,1,FALSE,Global,Species,810,,2,
389,Myrtaceae,Eucalyptus,camaldulensis,Eucalyptus camaldulensis Dehnh.,Eucalyptus camaldulensis,ยูคาลิปตัส,1,0,1,FALSE,กรมป่าไม้(2548),Species,1000,,1,
390,Myrtaceae,Eucalyptus,camaldulensis,Eucalyptus camaldulensis Dehnh.,Eucalyptus camaldulensis,ยููคาลิปตัส,1,1,0,FALSE,กรมป่าไม้(2548),Species,1000,,1,
391,Myrtaceae,Eucalyptus,deglupta,Eucalyptus deglupta Blume.,Eucalyptus deglupta,ยูคาลิปตัสสีรุ้ง,1,0,1,FALSE,Global,Species,449,,3,
392,Myrtaceae,Melaleuca,cajuputi,Melaleuca cajuputi Powell,Melaleuca cajuputi,เสม็ดขาว,1,0,1,FALSE,กรมป่าไม้(2548),Genus,732,,2,
393,Myrtaceae,Melaleuca,citrina,Melaleuca citrina (Curtis) Dum.Cours.,Melaleuca citrina,แปรงล้างขวด,2,1,1,FALSE,กรมป่าไม้(2548),Genus,732,,2,
394,Myrtaceae,Syzygium,Unknown,Syzygium sp.,Syzygium sp.,,1,1,0,FALSE,กรมป่าไม้(2548),Species,770,,2,
395,Myrtaceae,Syzygium,Unknown,Syzygium sp.Narathiwat1,Syzygium sp.Narathiwat1,,1,0,1,FALSE,กรมป่าไม้(2548),Species,771,,2,
396,Myrtaceae,Syzygium,Unknown,Syzygium sp.Trang1,Syzygium sp.Trang1,,1,0,1,FALSE,กรมป่าไม้(2548),Species,772,,2,
397,Myrtaceae,Syzygium,Unknown,Syzygium sp.Trang2,Syzygium sp.Trang2,,1,0,1,FALSE,กรมป่าไม้(2548),Species,773,,2,
398,Myrtaceae,Syzygium,Unknown,Syzygium sp.Trat1,Syzygium sp.Trat1,,1,0,1,FALSE,กรมป่าไม้(2548),Species,774,,2,
399,Myrtaceae,Syzygium,Unknown,Syzygium sp.Trat2,Syzygium sp.Trat2,,1,0,1,FALSE,กรมป่าไม้(2548),Species,775,,2,
400,Myrtaceae,Syzygium,Unknown,Syzygium sp.พัฒนาราม,Syzygium sp.พัฒนาราม,,1,0,1,FALSE,กรมป่าไม้(2548),Species,776,,2,
401,Myrtaceae,Syzygium,antisepticum,Syzygium antisepticum (Blume) Merr. & L.M.Perry,Syzygium antisepticum,เสม็ดแดง,2,1,1,FALSE,กรมป่าไม้(2548),Genus,816.67,,2,
402,Myrtaceae,Syzygium,cinereum,Syzygium cinereum (Kurz) Chantar. & J.Parn.,Syzygium cinereum,หว้านา,2,1,1,FALSE,กรมป่าไม้(2548),Genus,816.67,,2,
403,Myrtaceae,Syzygium,cumini,Syzygium cumini (L.) Skeels,Syzygium cumini,หว้า,2,1,1,TRUE,กรมป่าไม้(2548),Species,900,,2,
404,Myrtaceae,Syzygium,grande,Syzygium grande (Wight) Walp.,Syzygium grande,เมา,2,1,1,FALSE,กรมป่าไม้(2548),Species,780,,2,
405,Myrtaceae,Syzygium,ixoroides,Syzygium ixoroides Chantar. & J.Parn.,Syzygium ixoroides,หว้าใบเข็ม,1,1,0,FALSE,กรมป่าไม้(2548),Genus,816.67,,2,
406,Myrtaceae,Syzygium,nervosum,Syzygium nervosum A.Cunn. ex DC.,Syzygium nervosum,มะเกี๋ยง,2,1,1,FALSE,กรมป่าไม้(2548),Genus,816.67,,2,
407,Myrtaceae,Syzygium,polyanthum,Syzygium polyanthum (Wight) Walp.,Syzygium polyanthum,สมัก,1,0,1,FALSE,Global,Species,556,,3,
408,Myrtaceae,Syzygium,samarangense,Syzygium samarangense (Blume) Merr. & L.M.Perry,Syzygium samarangense,ชมพู่,1,1,0,FALSE,กรมป่าไม้(2548),Genus,816.67,,2,
409,Myrtaceae,Syzygium,siamense,Syzygium siamense (Craib) Chantar. & J. Parn.,Syzygium siamense,ชมพู่น้ำ,1,0,1,FALSE,กรมป่าไม้(2548),Genus,817.67,,2,
410,Myrtaceae,Syzygium,syzygioides,Syzygium syzygioides (Miq.) Merr. & L.M.Perry,Syzygium syzygioides,แดงคลอง,1,1,0,FALSE,กรมป่าไม้(2548),Genus,816.67,,2,
411,Myrtaceae,Tristaniopsis,burmanica,Tristaniopsis burmanica (Griff.) Peter G.Wilson & J.T.Waterh.,Tristaniopsis burmanica,ตำเสาหนู,1,0,1,FALSE,Global,Genus,780,,2,
412,Nyctaginaceae,Pisonia,grandis,Pisonia grandis R.Br.,Pisonia grandis,แสงจันทร์,1,0,1,FALSE,Global,Genus,344,,3,
413,Ochnaceae,Ochna,integerrima,Ochna integerrima (Lour.) Merr.,Ochna integerrima,ช้างน้าว,2,1,1,FALSE,Global,Species,744,,2,
414,Oleaceae,Chionanthus,Unknown,Chionanthus sp.Trat1,Chionanthus sp.Trat1,,1,0,1,FALSE,Global,Genus,705,,2,
415,Oleaceae,Schrebera,swietenioides,Schrebera swietenioides Roxb.,Schrebera swietenioides,มะกอกดอน,2,1,1,FALSE,IPCC(2006),Species,820,,2,
416,Oleaceae,Tetrapilus,salicifolius,Tetrapilus salicifolius (Wall. ex G.Don) de Juana,Tetrapilus salicifolius,อวบดำ,2,1,1,FALSE,Global,Family,681,,2,
417,Opiliaceae,Melientha,suavis,Melientha suavis Pierre,Melientha suavis,ผักหวานป่า,2,1,1,FALSE,Global,Family,735,,2,
418,Oxalidaceae,Averrhoa,carambola,Averrhoa carambola L.,Averrhoa carambola,มะเฟือง,2,1,1,FALSE,"Zanne et al., 2009",Species,576.8,,3,
419,Pentaphylacaceae,Eurya,acuminata,Eurya acuminata DC.,Eurya acuminata,ปลายสาน,1,1,0,FALSE,Global,Species,500,,3,
420,Peraceae,Chaetocarpus,castanicarpus,Chaetocarpus castanicarpus (Roxb.) Thwaites,Chaetocarpus castanicarpus,สำเภา,2,1,1,FALSE,Global,Genus,777,,2,
421,Phyllanthaceae,Antidesma,Unknown,Antidesma sp.,Antidesma sp.,,2,1,1,FALSE,IPCC(2006),Antidesma pleuricum,590,,3,
422,Phyllanthaceae,Antidesma,Unknown,Antidesma sp.Sisaket1,Antidesma sp.Sisaket1,,1,0,1,FALSE,Global,Genus,650,,2,
423,Phyllanthaceae,Antidesma,acidum,Antidesma acidum Retz.,Antidesma acidum,เม่าสร้อย,1,0,1,FALSE,Global,Genus,650,,2,
424,Phyllanthaceae,Antidesma,ghaesembilla,Antidesma ghaesembilla Gaertn.,Antidesma ghaesembilla,เม่าไข่ปลา,2,1,1,FALSE,Global,Species,610,,3,
425,Phyllanthaceae,Antidesma,montanum,Antidesma montanum Blume,Antidesma montanum,มะเม่าขน,1,1,0,FALSE,Global,Species,590,,3,
426,Phyllanthaceae,Aporosa,Unknown,Aporosa sp.,Aporosa sp.,,2,1,1,FALSE,Global,Family,610,,3,
427,Phyllanthaceae,Aporosa,Unknown,Aporosa sp.Chanthaburi1,Aporosa sp.Chanthaburi1,,1,0,1,FALSE,Global,Family,610,,3,
428,Phyllanthaceae,Aporosa,octandra,Aporosa octandra (Buch.-Ham. ex D.Don) Vickery,Aporosa octandra,นวลเสี้ยน,2,1,1,FALSE,Global,Family,610,,3,
429,Phyllanthaceae,Aporosa,planchoniana,Aporosa planchoniana Baill. ex Müll.Arg.,Aporosa planchoniana,กริม,1,0,1,FALSE,Global,Species,370,,3,
430,Phyllanthaceae,Aporosa,villosa,Aporosa villosa (Lindl.) Baill.,Aporosa villosa,เหมือดโลด,2,1,1,FALSE,Global,Family,610,,3,
431,Phyllanthaceae,Aporosa,wallichii,Aporosa wallichii Hook.f.,Aporosa wallichii,เหมือดวอน,2,1,1,FALSE,Global,Family,610,,3,
432,Phyllanthaceae,Baccaurea,ramiflora,Baccaurea ramiflora Lour.,Baccaurea ramiflora,มะไฟ,1,0,1,FALSE,Global,Genus,624,,3,
433,Phyllanthaceae,Bridelia,Unknown,Bridelia sp.Chachoengsao1,Bridelia sp.Chachoengsao1,,1,0,1,FALSE,Global,Genus,553,,3,
434,Phyllanthaceae,Bridelia,ovata,Bridelia ovata Decne.,Bridelia ovata,มะกา,2,1,1,FALSE,Global,Species,600,,3,
435,Phyllanthaceae,Bridelia,retusa,Bridelia retusa (L.) A.Juss.,Bridelia retusa,เต็งหนาม,2,1,1,FALSE,Global,Species,608,,3,
436,Phyllanthaceae,Cleistanthus,hirsutulus,Cleistanthus hirsutulus Hook.f.,Cleistanthus hirsutulus,แก้วน้ำ,1,1,0,FALSE,Global,Genus,633,,3,
437,Phyllanthaceae,Cleistanthus,polyphyllus,Cleistanthus polyphyllus F.N.Williams,Cleistanthus polyphyllus,นกนอน,1,1,0,FALSE,Global,Genus,633,,3,
438,Phyllanthaceae,Cleistanthus,sumatranus,Cleistanthus sumatranus (Miq.) Müll.Arg.,Cleistanthus sumatranus,ฝิ่นแดง,2,1,1,FALSE,Global,Species,640,,3,
439,Phyllanthaceae,Phyllanthus,angkorensis,Phyllanthus angkorensis Beille,Phyllanthus angkorensis,เสียวใหญ่,2,1,1,FALSE,Global,Genus,618,,3,
440,Phyllanthaceae,Phyllanthus,emblica,Phyllanthus emblica L.,Phyllanthus emblica,มะขามป้อม,2,1,1,FALSE,Global,Species,636,,3,
441,Phyllanthaceae,Unknow,Unknown,Unknown-genus-Phyllanthaceae-MaeHongSon,Unknown-genus-Phyllanthaceae-MaeHongSon,,1,0,1,FALSE,Global,Family,610,,3,
442,Polygonaceae,Triplaris,cumingiana,Triplaris cumingiana Fisch. & C.A.Mey.,Triplaris cumingiana,ปาโลแซนโตส,2,1,1,FALSE,Global,Species,530,,3,
443,Primulaceae,Aegiceras,corniculatum,Aegiceras corniculatum (L.) Blanco,Aegiceras corniculatum,เล็บนาง,1,1,0,FALSE,Global,Species,510,,3,
444,Proteaceae,Grevillea,robusta,Grevillea robusta A.Cunn. ex R.Br.,Grevillea robusta,ซิลเวอร์โอ๊ค,1,0,1,FALSE,Global,Species,521,,3,
445,Putranjivaceae,Drypetes,roxburghii,Drypetes roxburghii (Wall.) Hurus.,Drypetes roxburghii,ประคำไก่,2,1,1,FALSE,IPCC(2006),Species,630,,3,
446,Rhamnaceae,Ziziphus,mauritiana,Ziziphus mauritiana Lam.,Ziziphus mauritiana,พุทรา,2,1,1,FALSE,Global,Species,618,,3,
447,Rhizophoraceae,Bruguiera,cylindrica,Bruguiera cylindrica (L.) Blume,Bruguiera cylindrica,ถั่วขาว,1,0,1,FALSE,Global,Species,720,,2,
448,Rhizophoraceae,Bruguiera,gymnorhiza,Bruguiera gymnorhiza (L.) Lam. ex Savigny,Bruguiera gymnorhiza,พังกาหัวสุมดอกแดง,1,1,0,FALSE,กรมป่าไม้(2548),Species,856,,2,
449,Rhizophoraceae,Carallia,brachiata,Carallia brachiata (Lour.) Merr.,Carallia brachiata,เฉียงพร้านางแอ,2,1,1,FALSE,กรมป่าไม้(2548),Species,720,,2,
450,Rhizophoraceae,Ceriops,tagal,Ceriops tagal (Perr.) C.B.Rob.,Ceriops tagal,โปรงแดง,1,0,1,FALSE,Global,Family,740,,2,
451,Rhizophoraceae,Pellacalyx,parkinsonii,Pellacalyx parkinsonii C.E.C.Fisch.,Pellacalyx parkinsonii,กานพลู,2,1,1,FALSE,Global,Genus,437,,3,
452,Rhizophoraceae,Rhizophora,apiculata,Rhizophora apiculata Blume,Rhizophora apiculata,โกงกางใบเล็ก,2,1,1,TRUE,กรมป่าไม้(2548),Species,973,,2,
453,Rhizophoraceae,Rhizophora,mucronata,Rhizophora mucronata Poir.,Rhizophora mucronata,โกงกางใบใหญ่,2,1,1,TRUE,กรมป่าไม้(2548),Species,1090,,1,
454,Rubiaceae,Adina,trichotoma,Adina trichotoma (Zoll. & Moritzi) Benth. & Hook.f. ex B.D.Jacks.,Adina trichotoma,ขมิ้นต้น,2,1,1,FALSE,Global,Genus,746,,2,
455,Rubiaceae,Aidia,parvifolia,Aidia parvifolia (King & Gamble) K.M.Wong,Aidia parvifolia,แกงเลียงใบบาง,1,1,0,FALSE,Global,Genus,750,,2,
456,Rubiaceae,Canthium,horridum,Canthium horridum Blume,Canthium horridum,เคล็ดหนู,2,1,1,FALSE,Global,Genus,695,,2,
457,Rubiaceae,Canthiumera,robusta,Canthiumera robusta K.M.Wong & X.Y.Ng,Canthiumera robusta,ค่างเต้น,2,1,1,FALSE,Global,Genus Canthium,695,,2,
458,Rubiaceae,Catunaregam,Unknown,Catunaregam sp.MaeHongSon1,Catunaregam sp.MaeHongSon1,,1,0,1,FALSE,Global,Genus,750,,2,
459,Rubiaceae,Catunaregam,spathulifolia,Catunaregam spathulifolia Tirveng.,Catunaregam spathulifolia,เค็ด,2,1,1,FALSE,Global,Genus,751,,2,
460,Rubiaceae,Catunaregam,tomentosa,Catunaregam tomentosa (Blume ex DC.) Tirveng.,Catunaregam tomentosa,หนามแท่ง,2,1,1,FALSE,Global,Genus,751,,2,
461,Rubiaceae,Ceriscoides,turgida,Ceriscoides turgida (Roxb.) Tirveng.,Ceriscoides turgida,กระเบียน,1,0,1,FALSE,Global,Family,636,,3,
462,Rubiaceae,Dioecrescis,erythroclada,Dioecrescis erythroclada (Kurz) Tirveng.,Dioecrescis erythroclada,มะคังแดง,2,1,1,FALSE,Global,Family,636,,3,
463,Rubiaceae,Gardenia,obtusifolia,Gardenia obtusifolia Roxb. ex Kurz,Gardenia obtusifolia,กระมอบ,1,0,1,FALSE,Global,Species,758,,2,
464,Rubiaceae,Gardenia,sootepensis,Gardenia sootepensis Hutch.,Gardenia sootepensis,คำมอกหลวง,2,1,1,TRUE,กรมป่าไม้(2548),Genus,925,,2,
465,Rubiaceae,Gardenia,thailandica,Gardenia thailandica Tirveng.,Gardenia thailandica,พุดภูเก็ต,1,1,0,FALSE,กรมป่าไม้(2548),Genus,925,,2,
466,Rubiaceae,Haldina,cordifolia,Haldina cordifolia (Roxb.) Ridsdale,Haldina cordifolia,ขว้าว,2,1,1,FALSE,กรมป่าไม้(2548),Species,690,,2,
467,Rubiaceae,Hamelia,patens,Hamelia patens Jacq.,Hamelia patens,ประทัดทอง,1,0,1,FALSE,Global,Hamelia longipes,500,,3,
468,Rubiaceae,Hymenodictyon,orixense,Hymenodictyon orixense (Roxb.) Mabb.,Hymenodictyon orixense,ส้มกบ,2,1,1,FALSE,Global,Species,430,,3,
469,Rubiaceae,Ixora,Unknown,Ixora sp.1,Ixora sp.1,,1,1,0,FALSE,Global,Genus,793,,2,
470,Rubiaceae,Ixora,Unknown,Ixora sp.2,Ixora sp.2,,1,1,0,FALSE,Global,Genus,793,,2,
471,Rubiaceae,Ixora,finlaysoniana,Ixora finlaysoniana Wall. ex G.Don,Ixora finlaysoniana,เข็มขาว,1,0,1,FALSE,Global,Genus,793,,2,
472,Rubiaceae,Meyna,pubescens,Meyna pubescens (Kurz) Robyns,Meyna pubescens,มะหนามนึ้ง,2,1,1,FALSE,Global,Family,636,,3,
473,Rubiaceae,Mitragyna,diversifolia,Mitragyna diversifolia (Wall. ex G.Don) Havil.,Mitragyna diversifolia,กระทุ่มนา,2,1,1,FALSE,Global,Species,550,,3,
474,Rubiaceae,Mitragyna,rotundifolia,Mitragyna rotundifolia (Roxb.) Kuntze,Mitragyna rotundifolia,กระท่อมหมู,2,1,1,FALSE,Global,Genus,528,,3,
475,Rubiaceae,Morinda,citrifolia,Morinda citrifolia L.,Morinda citrifolia,ยอบ้าน,2,1,1,FALSE,Global,Species,630,,3,
476,Rubiaceae,Morinda,coreia,Morinda coreia Buch.-Ham.,Morinda coreia,ยอป่าใบเกลี้ยง,2,1,1,FALSE,Global,Genus,558,,3,
477,Rubiaceae,Morinda,elliptica,Morinda elliptica (Hook.f.) Ridl.,Morinda elliptica,ยอเถื่อน,2,1,1,FALSE,Global,Species,560,,3,
478,Rubiaceae,Morinda,tomentosa,Morinda tomentosa B.Heyne ex Roth,Morinda tomentosa,ยอป่า,2,1,1,FALSE,Global,Genus,558,,3,
479,Rubiaceae,Nauclea,orientalis,Nauclea orientalis (L.) L.,Nauclea orientalis,ก้านเหลือง,1,0,1,FALSE,Global,Species,483,,3,
480,Rubiaceae,Neolamarckia,cadamba,Neolamarckia cadamba (Roxb.) Bosser,Neolamarckia cadamba,กระทุ่ม,2,1,1,FALSE,World Agroforestry Centre,Species,425,,3,290-560
481,Rubiaceae,Psydrax,nitida,Psydrax nitida (Craib) K.M.Wong,Psydrax nitida,กะปะ,1,1,0,FALSE,Global,Genus,763,,2,
482,Rubiaceae,Psydrax,nitidus,Psydrax nitidus (Craib) K.M.Wong,Psydrax nitidus,คันแหลน,1,0,1,FALSE,Global,Genus,763,,2,
483,Rubiaceae,Ridsdalea,wittii,Ridsdalea wittii (Craib) J.T.Pereira,Ridsdalea wittii,หมักม่อ,1,0,1,FALSE,Global,Family,636,,3,
484,Rubiaceae,Tamilnadia,uliginosa,Tamilnadia uliginosa (Retz.) Tirveng. & Sastre,Tamilnadia uliginosa,มะคังขาว,2,1,1,FALSE,Global,genus Randia (เดิม),657,,2,
485,Rubiaceae,Wendlandia,tinctoria,Wendlandia tinctoria (Roxb.) DC.,Wendlandia tinctoria,แข้งกวาง,1,0,1,FALSE,Global,Genus,693,,2,
486,Rutaceae,Acronychia,pedunculata,Acronychia pedunculata (L.) Miq.,Acronychia pedunculata,กะอวม,2,1,1,FALSE,Global,Species,459,,3,
487,Rutaceae,Aegle,marmelos,Aegle marmelos (L.) Corrêa,Aegle marmelos,มะตูม,2,1,1,FALSE,IPCC(2006),Species,750,,2,
488,Rutaceae,Atalantia,monophylla,Atalantia monophylla DC.,Atalantia monophylla,มะนาวผี,2,1,1,FALSE,V. S. R. Naidu et al. (2019),Species,860,,2,
489,Rutaceae,Bergera,koenigii,Bergera koenigii L.,Bergera koenigii,โปร่งฟ้า,1,1,0,FALSE,Global,Family,640,,3,
490,Rutaceae,Citrus,aurantifolia,Citrus aurantifolia (Christm.) Swingle,Citrus aurantifolia,มะนาว,1,0,1,FALSE,Global,Genus,740,,2,
491,Rutaceae,Citrus,maxima,Citrus maxima (Burm.) Merr.,Citrus maxima,ส้มโอ,2,1,1,FALSE,"Zanne et al., 2009",Genus,740,,2,
492,Rutaceae,Limonia,acidissima,Limonia acidissima L.,Limonia acidissima,มะขวิด,1,0,1,FALSE,Global,Species,840,,2,
493,Rutaceae,Micromelum,minutum,Micromelum minutum (G.Forst.) Wight & Arn.,Micromelum minutum,หมุย,1,1,0,FALSE,Global,Species,660,,2,
494,Rutaceae,Micromelum,minutum,Micromelum minutum (G.Forst.) Wight & Arn.,Micromelum minutum,หัสคุณ,1,0,1,FALSE,Global,Species,660,,2,
495,Rutaceae,Murraya,paniculata,Murraya paniculata (L.) Jack,Murraya paniculata,แก้ว,2,1,1,FALSE,Global,Species,871,,2,
496,Rutaceae,Naringi,crenulata,Naringi crenulata (Roxb.) Nicolson,Naringi crenulata,กระแจะ,2,1,1,FALSE,Global,Family,640,,3,
497,Rutaceae,Tetradium,glabrifolium,Tetradium glabrifolium (Champ. ex Benth.) T.G.Hartley,Tetradium glabrifolium,มะแคด,1,1,0,FALSE,Global,Tetradium fraxinifolium,232,,3,
498,Salicaceae,Casearia,grewiifolia,Casearia grewiifolia Vent.,Casearia grewiifolia,กรวยป่า,2,1,1,FALSE,กรมป่าไม้(2548),Species,830,,2,
499,Salicaceae,Flacourtia,Unknown,Flacourtia sp.,Flacourtia sp.,,2,1,1,FALSE,Global,Genus,773,,2,
500,Salicaceae,Flacourtia,indica,Flacourtia indica (Burm.f.) Merr.,Flacourtia indica,ตะขบป่า,2,1,1,FALSE,Global,Species,737,,2,
501,Salicaceae,Flacourtia,jangomas,Flacourtia jangomas (Lour.) Raeusch.,Flacourtia jangomas,ตะขบยักษ์,2,1,1,FALSE,Global,Species,923,,2,
502,Salicaceae,Homalium,Unknown,Homalium sp.,Homalium sp.,,2,1,1,FALSE,Global,Genus,708,,2,
503,Salicaceae,Homalium,dasyanthum,Homalium dasyanthum (Turcz.) W.Theob.,Homalium dasyanthum,เขากวาง,1,1,0,FALSE,IPCC(2006),Species,760,,2,
504,Salicaceae,Homalium,tomentosum,Homalium tomentosum (Vent.) Benth.,Homalium tomentosum,ขานาง,1,0,1,FALSE,Global,Species,790,,2,
505,Sapindaceae,Arfeuillea,arborescens,Arfeuillea arborescens Pierre ex Radlk.,Arfeuillea arborescens,คงคาเดือด,2,1,1,FALSE,Global,Family,615,,3,
506,Sapindaceae,Dimocarpus,longan,Dimocarpus longan Lour.,Dimocarpus longan,ลำไย,2,1,1,FALSE,Global,Species,700,,2,
507,Sapindaceae,Lepisanthes,rubiginosa,Lepisanthes rubiginosa (Roxb.) Leenh.,Lepisanthes rubiginosa,มะหวด,2,1,1,FALSE,Global,Species,630,,3,
508,Sapindaceae,Nephelium,hypoleucum,Nephelium hypoleucum Kurz,Nephelium hypoleucum,คอแลน,2,1,1,FALSE,กรมป่าไม้(2548),Species,980,,2,
509,Sapindaceae,Nephelium,lappaceum,Nephelium lappaceum L.,Nephelium lappaceum,เงาะ,1,0,1,FALSE,Global,Species,710,,2,
510,Sapindaceae,Schleichera,oleosa,Schleichera oleosa (Lour.) Oken,Schleichera oleosa,ตะคร้อ,2,1,1,FALSE,กรมป่าไม้(2548),Genus,1100,,1,
511,Sapindaceae,Sisyrolepis,muricata,Sisyrolepis muricata (Pierre) Leenh.,Sisyrolepis muricata,ตะคร้อหนาม,2,1,1,FALSE,Global,genus Strombosia ชื่อพ้อง,747,,2,
512,Sapindaceae,Xerospermum,Unknown,Xerospermum sp.Trat1,Xerospermum sp.Trat1,,1,0,1,FALSE,Global,Xerospermum laevigatum,770,,2,
513,Sapindaceae,Xerospermum,noronhianum,Xerospermum noronhianum (Blume) Blume.,Xerospermum noronhianum,คอเหี้ย,2,1,1,FALSE,Global,Xerospermum laevigatum,770,,2,
514,Sapindaceae,Zollingeria,dongnaiensis,Zollingeria dongnaiensis Pierre,Zollingeria dongnaiensis,ขี้หนอน,2,1,1,FALSE,Global,Family,615,,3,
515,Sapotaceae,Chrysophyllum,cainito,Chrysophyllum cainito L.,Chrysophyllum cainito,สตาร์แอปเปิ้ล,2,1,1,FALSE,Global,Species,655,,2,
516,Sapotaceae,Lucuma,campechiana,Lucuma campechiana Kunth,Lucuma campechiana,เซียนท้อ,1,0,1,FALSE,Global,Family,615,,3,
517,Sapotaceae,Madhuca,Unknown,Madhuca sp.Phrae1,Madhuca sp.Phrae1,,1,0,1,FALSE,Global,Family,615,,3,
518,Sapotaceae,Manilkara,hexandra,Manilkara hexandra (Roxb.) Dubard,Manilkara hexandra,เกด,2,1,1,FALSE,กรมป่าไม้(2548),Species,1310,,1,
519,Sapotaceae,Manilkara,kauki,Manilkara kauki (L.) Dubard,Manilkara kauki,ละมุดสีดา,1,0,1,FALSE,Global,Species,830,,2,
520,Sapotaceae,Mimusops,elengi,Mimusops elengi L.,Mimusops elengi,พิกุล,2,1,1,TRUE,กรมป่าไม้(2548),,940,,2,
521,Sapotaceae,Palaquium,obovatum,Palaquium obovatum (Griff.) Engl.,Palaquium obovatum,ขนุนนก,2,1,1,FALSE,กรมป่าไม้(2548),Genus,720,,2,
522,Sapotaceae,Planchonella,obovata,Planchonella obovata (R.Br.) Pierre,Planchonella obovata,งาไซ,2,1,1,FALSE,Tropical tree(2014),Planchonella vitiensis,770,,2,
523,Sapotaceae,Xantolis,siamensis,Xantolis siamensis (H.R.Fletcher) P.Royen,Xantolis siamensis,ตานเสี้ยน,1,0,1,FALSE,Global,Family,615,,3,
524,Simaroubaceae,Ailanthus,triphysa,Ailanthus triphysa (Dennst.) Alston,Ailanthus triphysa,มะยมป่า,2,1,1,FALSE,กรมป่าไม้(2548),Species,470,,3,
525,Simaroubaceae,Simarouba,amara,Simarouba amara Aubl.,Simarouba amara,เอกมหาชัย,1,0,1,FALSE,Global,Species,383,,3,
526,Sterculiaceae,Pterospermum,semisagittatum,Pterospermum semisagittatum Ham. ex Roxb.,Pterospermum semisagittatum,ขามคัวะ,1,0,1,FALSE,Global,Species,620,,3,
527,Symplocaceae,Symplocos,Unknown,Symplocos sp.MaeHongSon1,Symplocos sp.MaeHongSon1,,1,0,1,FALSE,Global,Genus,531,,3,
528,Thymelaeaceae,Aquilaria,crassna,Aquilaria crassna Pierre ex Lecomte,Aquilaria crassna,กฤษณา,1,0,1,FALSE,,,347,,3,
529,Ulmaceae,Holoptelea,integrifolia,Holoptelea integrifolia (Roxb.) Planch.,Holoptelea integrifolia,กระเชา,2,1,1,FALSE,กรมป่าไม้(2548),Species,700,,2,
530,Unknown,Unknow,Unknown,Unknown,Unknown,,1,0,1,FALSE,,Average,540,,3,
531,Unknown,Unknow,Unknown,Unknown ป่ากลางกรุง ปตท,Unknown ป่ากลางกรุง ปตท,,1,0,1,FALSE,,Average,540,,3,
532,Unknown,Unknow,Unknown,Unknown วิทยาลัยเกษตรอุดร,Unknown วิทยาลัยเกษตรอุดร,,1,0,1,FALSE,,Average,540,,3,
533,Unknown,Unknow,Unknown,Unknown1 วัดป่าขมิ้น,Unknown1 วัดป่าขมิ้น,,2,1,1,FALSE,,Average,540,,3,
534,Unknown,Unknow,Unknown,Unknown1 วัดป่าหนองกุง,Unknown1 วัดป่าหนองกุง,,2,1,1,FALSE,,Average,540,,3,
535,Unknown,Unknow,Unknown,Unknown1 เขาน้ำซับ,Unknown1 เขาน้ำซับ,,2,1,1,FALSE,,Average,540,,3,
536,Unknown,Unknow,Unknown,Unknown2 วัดป่าหนองกุง,Unknown2 วัดป่าหนองกุง,,2,1,1,FALSE,,Average,540,,3,
537,Unknown,Unknow,Unknown,Unknown2 วิทยาลัยชุมชน,Unknown2 วิทยาลัยชุมชน,,2,1,1,FALSE,,Average,540,,3,
538,Unknown,Unknow,Unknown,Unknown3 วัดป่าหนองกุง,Unknown3 วัดป่าหนองกุง,,2,1,1,FALSE,,Average,540,,3,
539,Unknown,Unknow,Unknown,Unknown4 วัดป่าหนองกุง,Unknown4 วัดป่าหนองกุง,,2,1,1,FALSE,,Average,540,,3,
540,Unknown,Unknow,Unknown,Unknown5 วัดป่าหนองกุง,Unknown5 วัดป่าหนองกุง,,2,1,1,FALSE,,Average,540,,3,
541,Verbenaceae,Citharexylum,flexuosum,Citharexylum flexuosum (Ruiz & Pav.) D.Don,Citharexylum flexuosum,บุหงาส่าหรี,2,1,1,FALSE,"Zanne et al., 2009",Genus,662,,2,
542,Vitaceae,Leea,indica,Leea indica (Burm.f.) Merr.,Leea indica,กะตังใบ,2,1,1,FALSE,Global,Species,460,,3,